topic_id,num_paraphrases,answered,declined,consistent_answer_decision,bm25_min,bm25_max,bm25_range,mean_bertscore_f1,min_bertscore_f1,max_bertscore_f1
W01,4,4,0,True,6.205900192260742,7.389800071716309,1.1838998794555664,0.9794633686542511,0.968725860118866,0.9907926321029664
W02,4,4,0,True,5.790599822998047,6.335000038146973,0.5444002151489258,0.9388943612575531,0.8609692454338074,0.9777592420578004
W03,4,4,0,True,4.582499980926514,5.53000020980835,0.9475002288818359,0.8991454094648361,0.8460800051689148,0.9513368606567384
W04,4,4,0,True,5.285600185394287,8.543100357055664,3.257500171661377,0.8814805597066879,0.8441519737243652,0.9205532670021056
W05,4,4,0,True,7.0970001220703125,9.059599876403809,1.962599754333496,0.9071255773305893,0.8933303356170654,0.913293957710266
W06,4,4,0,True,5.291500091552734,7.697500228881836,2.4060001373291016,0.9093876630067825,0.8792229890823364,0.9521538615226746
W07,4,4,0,True,4.65749979019165,5.833799839019775,1.176300048828125,0.9153401106595993,0.8770151138305664,0.9584798812866212
W08,4,3,1,False,4.239099979400635,6.587600231170654,2.3485002517700195,0.9059044520060221,0.8872145414352417,0.9181405305862428
W09,4,4,0,True,6.418300151824951,7.933599948883057,1.5152997970581055,0.9425322264432907,0.9133646488189696,0.966356635093689
W10,4,4,0,True,5.800899982452393,9.47599983215332,3.6750998497009277,0.9054207354784012,0.8782113194465637,0.9359229803085328



OVERALL PARAPHRASE ROBUSTNESS SUMMARY

Topics with multiple phrasings: 10
Consistent answer/decline decision: 9/10
Inconsistent answer/decline decision: 1/10
Decision consistency rate: 90%
Average BM25 score range within topic: 1.9017
Largest BM25 score range within topic: 3.6751