passage_id,passage
P001,"Accessibility. For general information contact: accessibility@sydneyoperahouse For booking related inquiries including accessible seating, companion cards and other access needs contact the Box Office: Telephone 1300 764 849 Monday to Sunday, 9am-5pm AEST Email bookings@sydneyoperahouse.com Customers who are deaf or have a hearing or speech impairment can call the Sydney Opera House through the National Relay Service at no cost. TTY users Telephone 133 677, then ask for 9250 7111 Speak & Listen users (speech-to-speech relay) Telephone 1300 555 727, then ask for 9250 7111 Internet relay users Connect to the National Relay Service , then ask for 9250 7111"
P002,"Tours. Telephone +61 2 8188 3734 Monday to Sunday, 9am-5pm AEST Email tourism@sydneyoperahouse.com Find us in person at the Welcome Centre, l ocated on the lower level, adjacent to the Sydney Opera House Shop. Monday to Sunday, 8:45am-5pm Closed Christmas Day and New Year’s Eve"
P003,"Philanthropy. Should you have any questions about supporting the Sydney Opera House, or wish to discuss your giving, please contact a member of the Philanthropy team. Telephone + 61 2 9250 7077 Email philanthropy@sydneyoperahouse.com"
P004,"Feedback. Your feedback is very important to us. If you would like to comment on your visit, the services we provide - or this website, please complete the form below, including your contact details if you wish to receive a response. Our host team will acknowledge receipt of your comments within 24 hours. If your feedback specifically relates to the content or quality of a performance and is intended for one of our resident companies or presenting partners, please contact their customer services directly: The Australian Ballet Australian Chamber Orchestra Bangarra Dance Theatre Australia Bell Shakespeare Opera Australia Sydney Festival Sydney Symphony Sydney Theatre Company Send feedback to the Sydney Opera House via our customer feedback form ."
P005,"Lost property. Items handed into our Lost Property department are recorded and registered. If you have lost something within the Sydney Opera House precinct, please complete this form and Sydney Opera House will make every effort to locate your lost item. We will response to your enquiry as soon as possible. Lost property form"
P006,"Media. The Communications Team can provide information about Sydney Opera House performances, events and corporate matters, and tourism and visitor experience. We can arrange interviews with our staff and performers, supply copyright-cleared images of performances and organise site visits for journalists, photographers and camera crews. We can also handle media review ticket requests. Email mediamailbox@sydneyoperahouse.com To contact our resident companies relating to their performances, performers or staff: Australian Chamber Orchestra Bangarra Dance Theatre Bell Shakespeare Opera Australia Sydney Symphony Orchestra Sydney Theatre Company The Australian Ballet"
P007,"Brand. To submit a request, or for general enquiries about the use of the Sydney Opera House Brand: Email brand-requests@sydneyoperahouse.com"
P008,Schools. Telephone + 61 2 9250 7 770 Monday to Friday 9am-5pm AEST (except public holidays) How to direct your questions: General enquiries and bookings : creativelearning@sydneyoperahouse.com Program enquiries and access needs: Nuri La School Tours: Tourism Reservations
P009,"Outdoor events sound hotline. If you need to get in touch with us for sound reasons during an outdoor performance at the Sydney Opera House, please contact the hotline: Telephone +61 2 9250 7113"
P010,"Fraud and corruption prevention. The Sydney Opera House has zero tolerance for fraud, corruption or any other form of wrongdoing under our Fraud and Corruption Prevention Policy. We are committed to promoting a culture of integrity and ethical behaviour by encouraging and supporting those who come forward with information about wrongdoing. Disclosures of potential wrongdoing or disclosure-related enquiries can be made using the form on this page. All disclosures can be made anonymously; however, we encourage you to provide contact information so we can follow up on details of the disclosure and keep you informed of any investigation. If you have documented evidence to share in support of your disclosure, you can email our Disclosures Coordinator . You can also send material to: Disclosures (Attn: Executive Director Safety & Risk and General Counsel) Sydney Opera House Bennelong Point, NSW, 2000 This form and the contact details may also be used by public officials regarding disclosures under the Public Interest Disclosures Act 2022 (NSW). Read our Fraud and Corruption Control Policy (PDF) Read our Public Interest Disclosure Policy (PDF) Make a disclosure using the Sydney Opera House Fraud and Corruption Disclosure Form"
P011,"Plan to arrive early. If you are collecting your tickets from the Box Office, we recommend you do so at least 30 minutes before the event. If you already have your tickets, aim to arrive at least 20 minutes before the event. This should allow enough time for the mandatory visual inspections/x-ray screening and/or cloaking of bags and personal belongings by Opera House security staff before entering the venue."
P012,"Entry to venues. Entry to venues inside the Opera House including theatres, the Utzon Room, the Centre for Creativity and Bennelong Restaurant is via a single entry point located under the Monumental Steps. Entry to the Yallamundi Rooms is via the Northern Broadwalk."
P013,"Bag checks and screening. All ticketholders must present their bags and personal belongings for visual inspection or x-ray screening by Opera House security staff before entering the venue as a safety precaution and condition of entry. Ticketholders attending a performance may be electronically screened by Opera House security staff. Checks and screenings are carried out at the entrance to each venue. Our walk-through scanners are safe for patrons with pacemakers, cochlear implants or similar devices. Please let security know if you prefer alternative screening."
P014,"Prohibited items. The following items are prohibited: Alcohol Glass beverage containers Illegal substances including controlled, dangerous or illicit drugs Flammable devices (flares, fireworks and smoke bombs) Anything that could be used as a weapon such as sharp items including knives Suspicious items or items which may look like a weapon Professional cameras or recording devices Laser pointers Offensive signage or clothing Drones or unmanned aerial vehicles (UAVs) Any other item that may cause harm or public nuisance or could interfere with the event"
P015,"Cloaking. We strongly encourage patrons to leave bags at home and to avoid bringing any large items to the Opera House (anything larger than an A4 sheet of paper) to avoid delays. Larger items – including handbags bigger than A4-size, backpacks, umbrellas, suitcases and prams – are not permitted inside the venues and must be cloaked. Cloaking is at the discretion of Opera House venue security staff and all items will be visually inspected. Items presented to the cloaking desk will only be accepted from patrons with a valid performance ticket. At no time should your bag be left unattended."
P016,"Safety at the Sydney Opera House. The safety and security of patrons, visitors and staff is our highest priority. We work closely with NSW Police and all relevant authorities to ensure a safe and secure environment for all. Our procedures are regularly reviewed and evaluated based on the current security environment and arrangements at other similar institutions in Australia and overseas to ensure appropriate security measures are in place. Should patrons or visitors have any further questions, contact us via email at: infodesk@sydneyoperahouse.com . We thank you for your understanding and cooperation."
P017,Precinct map. Find our venues and other wayfinding points on the Sydney Opera House Precinct map.
P018,Getting around the precinct. Access maps for the Sydney Opera House precinct and venues.
P019,"Our venues. The building is home to seven venues indoors, along with several outdoor spaces used for events. Each venue provides unique and specific needs for various forms of performing arts."
P020,ATMs. Lower Concourse A Westpac ATM is available in the Lower Concourse area of the Sydney Opera House. This is positioned just near the stairs down to the Lower Concourse from the Forecourt and near the entrance to the car park.
P021,Baby changing facilities. Baby change table and nappy bins are available in the accessible public toilets in the below locations: Western Foyers Close to the Drama Theatre Close to the Playhouse Lower Concourse Main Box Office accessible toilets Concert Hall Northern Foyer (both male and female)
P022,"Bathrooms. Bathrooms are located on the Lower Concourse and inside at the Main Box Office and Western Foyers. Accessible bathrooms are available and located on the Lower Concourse, Main Box Office and Western Foyers. A Changing Place facility is located in the corridor next to the Box Office."
P023,"Box Office. The Main Box Office is located in the Entry Foyer on Level 1, and its opening hours are: Monday to Sunday 9am - 5pm or later if a performance is scheduled (Closed Christmas Day and Good Friday) There is also a Box Office located in the Western Foyers. It is open for performances only, generally from 60 minutes prior to the first performance to 15 minutes into the last performance. Please note Box Office hours are subject to change."
P024,Gift shop. The Sydney Opera House Retail Shop is located within the Welcome Centre and in the Main Box Office Foyer. The Shops are open daily from 9am to 5pm (excluding Good Friday and Christmas Day). The Main Box Office Foyer Shop has extended trading hours during selected performances.
P025,Public lift. Sydney Opera House has a public lift on the Harbour Bridge side of the building. This connects the three main levels: Lower Concourse Street Level/Western Foyer Level Main Box Office level
P026,"Public telephones. There are two public telephones on-site, one along the Lower Concourse past the carpark entrance. The second is situated outside Stage Door in the vehicle concourse."
P027,"Welcome Centre. Located on the Lower Concourse, the Welcome Centre is the perfect spot to see what's on, buy tickets, take a tour, pick up a souvenir and learn the history of the iconic building through pictures and videos.The Welcome Centre is open daily from 8.45am to 5pm (excluding Good Friday, Christmas Day and New Year's Eve)."
P028,"Courtesy bus and accessible buggy service. Sydney Opera House operates an enhanced pick-up and drop-off service for visitors, designed to make the journey to and around the Opera House a seamless and accessible experience. More information on the courtesy bus and accessible buggy service ."
P029,"Bicycles and other non-motorised vehicles. At the Sydney Opera House we welcome more than 10,000 visitors each day. Recently we’ve experienced increased pedestrian traffic on site and a rising popularity of bicycles, scooters and skateboards. As the safety of our patrons and visitors is our first priority all non-motorised vehicles including, but not limited to, bicycles (including commercial bicycle tours and hired bicycles), segways, skateboards and scooters must be dismounted at the Opera House site boundary, and safely walked, carried or parked while on site. Our staff will be asking riders to dismount while on the Opera House site and these requests will be made under section 4 of the Sydney Opera House Trust By-law 2021 and compliance is mandatory. Penalties for non-compliance may apply. If you have a disability or mobility needs as a rider, please contact Accessibility in advance for an escort to be arranged near the Macquarie Street Gatehouse. This change will not apply to prams, wheelchairs or other mobility aids. The Opera House continues to promote and support sustainable transport by providing facilities on site to safely park bikes while visitors and patrons enjoy their visit. Bicycle parking is located beneath the Monumental Steps."
P030,"Vehicle access to the forecourt. To ensure the security, safety and enjoyment of patrons and visitors, the Opera House has removed almost all remaining vehicle movements from the Forecourt. Visitors and patrons arriving and leaving by taxis and private vehicles will be directed to the designated taxi rank on Macquarie Street, past the Wilson’s Carpark entrance. Visitors with accessibility requirements who wish to park on site will be directed to Wilson Parking as accessible parking is no longer available on the Concourse beneath the Monumental Steps. A free wheelchair accessible Courtesy Bus is available to carry passengers to and from Circular Quay and the Opera House doors for matinee and evening performances."
P031,Car park opening hours. Monday to Sunday 24 hrs (including Public Holidays).
P032,"Car park location. The Sydney Opera House Carpark is located underneath the building with access via 2 Macquarie Street (Northern end), Sydney."
P033,Joan Sutherland Theatre and Concert Hall. Bus starts 75 minutes before matinee and evening performances and runs continuously for 1 hour.
P034,Drama Theatre. Bus starts 45 minutes before all matinee and evening performances and runs continuously for 30 minutes.
P035,Playhouse. Bus starts 45 minutes before all evening performances and runs continuously for 30 minutes.
P036,Joan Sutherland Theatre and Concert Hall. Bus starts 10 minutes after the performance finishes and runs continuously for 45 minutes.
P037,Playhouse and Drama Theatre. Bus starts 10 minutes after the performance finishes and runs continuously for 30 minutes.
P038,"Accessible buggy service. Visitors and patrons with limited mobility arriving by taxi or private vehicle may be dropped at the designed area near the Macquarie Street Gatehouse. The Gatehouse is located at the entry to the Sydney Opera House site, just off the roundabout at the bottom of Macquarie Street. There is a driveway around the Gatehouse that provides a vehicle drop off for patrons and turnaround point. The distance from the Gatehouse to the building entry is 160 metres. Opera House staff are on hand to arrange transfers to the building via a wheelchair-accessible shuttle service. The dimensions of the wheelchair accessible shuttle is 84cm width x 95cm length x 142cm height. There is a 110kg weight limit. More information on mobility services at the Opera House ."
P039,"Call Red Private Car Services. Visitors to the Opera House with mobility needs or disabilities can call upon Call Red VIP Private Car Booking Service when they next visit. Their vehicles are meticulously designed to ensure your safety and comfort. Call Red provides an unparalleled, premium experience. To book, call 02 9929 9929 or visit their website ."
P040,"Zooom. 11am, Saturday 26 September 2026 Tactile Tour 10am Audio description is a live commentary for people who are blind or have low vision of the visual elements of a performance which is relayed to the patron via a free headset and receiver linked to the FM radio system. A pre-show Tactile Tour allows hands on access to costumes, props and stage set in order to capture the atmosphere of the work. To book, use the link below, call the Box Office on 1300 764 849 or email bookings@sydneyoperahouse.com . Book online"
P041,"Opera Australia’s My Fair Lady. 3pm, Sunday 11 October 2026 Lerner and Loewe’s My Fair Lady comes to Sydney Opera House to celebrate 70 years since its glorious Broadway debut. Audio description is a live commentary for people who are blind or have low vision of the visual elements of a performance which is relayed to the patron via a free headset and receiver linked to the FM radio system. Please book by calling +61 2 9318 8200 or email customerservice@opera.org.au"
P042,"Sydney Theatre Company’s Housework. 6:30pm, Tuesday 13 October 2026 Sex scandals, culture wars, motherhood and Machiavellian manipulation – it’s all in a day’s work inside the House. Audio description is a live commentary for people who are blind or have low vision of the visual elements of a performance which is relayed to the patron via a free headset and receiver linked to the FM radio system. A pre-show Tactile Tour allows hands on access to costumes, props and stage set in order to capture the atmosphere of the work. To book this service, call the Sydney Theatre Company on +61 2 9250 1777 or email boxoffice@sydneytheatre.com.au"
P043,"Simone Young conducts Mozart & Bach. Tactile Tour 7pm, Saturday 7 November 2026 A meeting of musical giants across time, this program traverses the Baroque and Classical eras via modern-day Sydney under the baton of Chief Conductor Simone Young A 45-minute pre-concert tactile tours for people who are blind or have low vision. The tour provides access to the Concert Hall stage and to selected instruments to enhance your experience ahead of your performance of Simone Young conducts Mozart & Bach. Available ahead of the performance on Saturday 7 November only. To book, use the link below, call the Box Office on 1300 764 849 or email bookings@sydneyoperahouse.com . Please note all patrons must also hold a valid performance ticket to the main stage performance. Book Tactile Tour"
P044,"Bell Shakespeare’s Macbeth. 1pm, Saturday 28 November 2026 Shakespeare’s most haunting thriller follows the story of Macbeth, a Scottish general, famed for his exploits on the battlefield. Following a bloody battle, Macbeth and his comrade Banquo are met by three Weird Sisters who prophesy Macbeth will one day be king. Audio description is a live commentary for people who are blind or have low vision of the visual elements of a performance which is relayed to the patron via a free headset and receiver linked to the FM radio system. A pre-show Tactile Tour allows hands on access to costumes, props and stage set in order to capture the atmosphere of the work. Book using the Audio Description price type. Book online"
P045,"Frame Shift 2026. 6pm, Thursday 3 December 2026 Accessible Arts and Sydney Opera House presents a curated selection of groundbreaking films and video artworks by artists with disability or who are d/Deaf in celebration of International Day of People with Disability. Audio Description is recorded audio that describes the visible parts of the films delivered via a FM receiver with headset (3.5mm headset jack connection) provided by staff prior to entry. All films are audio described. Book using the Audio Description price type. Book online"
P046,"Storytime Ballet: Cinderella. 2pm, Tuesday 22 December 2026 Fall under the spell of Cinderella , an interactive Storytime Ballet experience for children aged three years and older. A classic fairytale, Cinderella is a beautiful maiden, forced to wait on her wicked stepmother and stepsisters. With the help of her fairy godmother she is transformed into a princess, complete with glittering ball gown and glass slippers! Book online using the Audio Description price type. Book online"
P047,"Christmas Carol Goes Wrong. 7pm, Wednesday 23 December 2026 Twas’ the night before Christmas, and all through the theatre…everything was going terribly wrong The Cornley Amateur Drama Society are back with tidings of chaos and joy, ready to tackle the Charles Dickens' classic, A Christmas Carol. Book online using the Audio Description price type. Book online"
P048,"Curious - Magda Szubanski. 11.45am, Sunday 4 October 2026 Beloved entertainer Magda Szubanski opens up about love, loss and the remarkable resilience behind her deeply personal new memoir. To book, use the link below, call the Box Office on 1300 764 849 or email bookings@sydneyoperahouse.com Book online"
P049,"Curious - Micahel Pollan. 7pm, Wednesday 4 November 2026 What if consciousness is stranger than we’ve ever imagined? Join bestselling writer “reluctant psychonaut” Michael Pollan on a mind-blowing journey through psychedelic trips, meditation retreats, and theoretical physics – to take us deep inside the mystery of who we are. To book, use the link below, call the Box Office on 1300 764 849 or email bookings@sydneyoperahouse.com Book online"
P050,"Sydney Theatre Company’s Strong is the New Pretty. 7:30pm, Thursday 26 November 2026 The celebrated Australian playwright behind sell-out smash hit RBG: Of Many, One and international phenomenon Prima Facie, Suzie Miller turns her extraordinary talents to the formation of the AFLW in this world premiere. To book, call Sydney Theatre Company Box Office on (02) 9250 1777 or email boxoffice@sydneytheatre.com.au ."
P051,"Bell Shakespeare’s Macbeth. 1pm, Saturday 28 November 2026 Shakespeare’s most haunting thriller follows the story of Macbeth, a Scottish general, famed for his exploits on the battlefield. Following a bloody battle, Macbeth and his comrade Banquo are met by three Weird Sisters who prophesy Macbeth will one day be king. To book, use the link below, call the Box Office on 1300 764 849 or email bookings@sydneyoperahouse.com Book online"
P052,"Frame Shift 2026. 6pm, Thursday 3 December 2026 Accessible Arts and Sydney Opera House presents a curated selection of groundbreaking films and video artworks by artists with disability or who are d/Deaf in celebration of International Day of People with Disability. Experienced Auslan interpreters will translate in-theatre speech prior to screening. All films have Auslan Interpretation. To book, use the link below, call the Box Office on 1300 764 849 or email bookings@sydneyoperahouse.com Book online"
P053,"Christmas Carol Goes Wrong. 7pm, Wednesday 23 December 2026 Twas’ the night before Christmas, and all through the theatre…everything was going terribly wrong The Cornley Amateur Drama Society are back with tidings of chaos and joy, ready to tackle the Charles Dickens' classic, A Christmas Carol. To book, use the link below, call the Box Office on 1300 764 849 or email bookings@sydneyoperahouse.com Book online"
P054,"The Longest Nights. 30 September – 2 October 2026 One night. Two unlikely friends. Based on the award-winning Korean children’s book by LULY, The Longest Nights is a heartwarming bilingual pansori adventure following the last white rhinoceros, and a young orphaned penguin on an epic journey to find the sea. Bilingual surtitles: This performance is surtitled in both Korean and English for a complete bilingual experience. Book online"
P055,"Curious - Sami Tamimi's Garden. 2.15pm, Sunday 4 October 2026 Celebrated British-Palestinian chef Sami Tamimi on food, family and life beyond Ottolenghi What does it mean for a dish to taste like home? To book, use the link below, call the Box Office on 1300 764 849 or email bookings@sydneyoperahouse.com Book online"
P056,"Sydney Theatre Company’s Housework. 6:30pm, Tuesday 6 October 2026 1:30pm, Saturday 10 October 2026 Sex scandals, culture wars, motherhood and Machiavellian manipulation – it’s all in a day’s work inside the House. Captions are text descriptions that display a films dialogue, identify speakers and describe other relevant sounds that are otherwise inaccessible to people who are deaf or hearing impaired. Open Captions (OC) are displayed on a screen and Closed Captions (CC) are available to watch via an app on your personal device (phone or iPad). To book, call the Sydney Theatre Company on +61 2 9250 1777 or email boxoffice@sydneytheatre.com.au"
P057,"Curious - Michael Pollan. 7pm, Wednesday 4 November 2026 What if consciousness is stranger than we’ve ever imagined? Join bestselling writer “reluctant psychonaut” Michael Pollan on a mind-blowing journey through psychedelic trips, meditation retreats, and theoretical physics – to take us deep inside the mystery of who we are. To book, use the link below, call the Box Office on 1300 764 849 or email bookings@sydneyoperahouse.com Book online"
P058,"Bell Shakespeare’s Macbeth. 1pm, Saturday 28 November 2026 Shakespeare’s most haunting thriller follows the story of Macbeth, a Scottish general, famed for his exploits on the battlefield. Following a bloody battle, Macbeth and his comrade Banquo are met by three Weird Sisters who prophesy Macbeth will one day be king. Captions are text that display the spoken word and other relevant sounds from the talk that are otherwise inaccessible to people who are Deaf or have hearing loss. Scan the QR Code on signs at entry to venue to see the captions on your personal device (ie. mobile phone). Book online"
P059,"Sydney Theatre Company’s Strong is the New Pretty. 6:30pm, Tuesday 1 December 2026 1:30pm, Saturday 5 December 2026 The celebrated Australian playwright behind sell-out smash hit RBG: Of Many, One and international phenomenon Prima Facie, Suzie Miller turns her extraordinary talents to the formation of the AFLW in this world premiere. To book, call Sydney Theatre Company Box Office on (02) 9250 1777 or email boxoffice@sydneytheatre.com.au ."
P060,"Frame Shift 2026. 6pm, Thursday 3 December 2026 Accessible Arts and Sydney Opera House presents a curated selection of groundbreaking films and video artworks by artists with disability or who are d/Deaf in celebration of International Day of People with Disability. Captions that display dialogue and describe other relevant sounds will be visible on screen, as well as capturing the in-theatre speech prior to screening. Book online"
P061,"Opera House Mobility Access Tour. 11:30am & 2:45pm, Daily We believe everyone should be able to enjoy the Sydney Opera House, which is why we offer tours tailored to those who need a little extra assistance. The Sydney Opera House Mobility Access Tour is designed for patrons with limited mobility, and we offer Australian Sign Language (Auslan) Interpreters and Audio Description on request. To book, use the link below, call the Box Office on 1300 764 849 or email bookings@sydneyoperahouse.com . Book online"
P062,"SWING. 26 September – 11 October 2026 SWING is a spectacular, beautifully engineered steel structure standing nine metres tall. It’s an experience for everyone, children, adventurous adults, people in wheelchairs, the slightly nervous and the simply curious. From the ground up, it’s all about shared joy, anticipation and play. Once you’re secure, you’re pulled back and wheeee! You’re in the air. Higher and higher you go. Muscle memory takes over as you lean back, stretch out your legs and fly. It’s exhilarating, with just a hint of fear. The world slips away and you’re transported. Eventually, the arc begins to shorten, the swing slows, and you gently return to earth, stepping back into the world with a grin. SWING is accessible for wheelchairs. The platform is rated to hold up to 400kg. We can make the switch to the wheelchair platform anytime, so please see SWING staff on arrival. More information"
P063,"Be Kind. 8 – 11 October 2026 Be Kind is an intimate theatre experience for babies aged 6 to 18 months, the perfect introduction to the magic of live performance. From the singing of early birds to luminous juggling clubs at dusk, the show follows the rhythm of the day. The pop-up decor slowly comes to life, and there is always something that rattles, appears, creaks, rolls or floats. Along the way, a heartwarming dialogue develops between the artists and their audience, and because of these spontaneous interactions, every performance is slightly different. All performances are relaxed Be Kind does not have any loud sounds or bright lights. Audiences are welcome to leave the space and come back in during the performance whenever they like. Book online"
P064,"Frame Shift 2026. 6pm, Thursday 3 December 2026 Accessible Arts and Sydney Opera House presents a curated selection of groundbreaking films and video artworks by artists with disability or who are d/Deaf in celebration of International Day of People with Disability. This event will have an open door policy allowing for movement in and out of the venue. A social story will be provided in advance for reference about the journey to the venue. Book online"
P065,"Kids Music Playtime. 10:30am, Friday 4 December 2026 Experience the wonder of the Sydney Opera House, all within a relaxed, welcoming space of musical exploration designed especially for our tiniest music lovers. An interactive program featuring live classical music from members of the Sydney Youth Orchestra designed to introduce newborns and toddlers to live performance and orchestral instruments. Created as an inclusive, multi-sensory experience, it welcomes young audiences with disability, allowing children with their families to explore and participate at their own comfortable pace. For more information on registering for this event, please email: accessibility@sydneyoperahouse.com Book online"
P066,"Auracast. Auracast is a new assisted listening technology that broadcasts audio with full venue coverage. It is installed in all venues. Auracast receivers can be collected from the cloakroom prior to the performance. These are provided with headphones or a personal induction loop. Auracast-enabled hearing devices can directly connect to the signal via settings, please refer to your Audiologist for advice and instructions on your particular device."
P067,"Hearing Loop. A Hearing Loop provides a wireless signal, amplifying the sound of the performance. Hearing devices with telecoil function can directly connect to the signal via settings, please refer to your Audiologist for advice and instructions on your particular device. Venue Coverage: · Joan Sutherland Theatre: all rows except Stalls Row A · Drama Theatre: all rows except A, B, C, H, P · Playhouse: Full coverage · Utzon Room: Full coverage for amplified performances · Centre for Creativity: Full coverage for amplified performances · Concert Hall: - Stalls: All rows except A, B, C, D, E - Dress Circle: All rows except A - Boxes: All except Box B, Seats 59-68 - Choir Section: All rows except C Thank you to the Yarranabbe Foundation Please join us in thanking the Yarranabbe Foundation, an Opera House Utzon Idealist major donor, which has enabled upgrades to the induction loops in the Drama Theatre and the Joan Sutherland Theatre for the benefit of our patrons with hearing loss."
P068,"Stairs. For those with limited mobility, there are seating locations within the Joan Sutherland Theatre and Concert Hall that have significant amounts of stairs to seats. All other venues have less than 30 steps in total from entry to the furthest row. The below step counts are from the nearest level access point including all available public lifts. Venue Minimum number of stairs Maximum Joan Sutherland Theatre Stalls 0 34 Joan Sutherland Theatre Dress Circle 27 48 Joan Sutherland Theatre Loge 27 37 Joan Sutherland Theatre Boxes 0 51 Concert Hall Stalls 0 22 Concert Hall Dress Circle 42 Concert Hall Dress Circle Boxes 0 15 Concert Hall Platform Boxes 39 54 Concert Hall Choir & Organ Seating 43 69"
P069,"Accessible bathrooms. Lower Concourse Two facilities, one located at the bottom of the escalators from East Circular Quay and one near Opera Kitchen. Western Foyer Level Two facilities, one near adjacent to the Playhouse entry and one between the Studio and Drama Theatre entry. Main Box Office Level Two facilities and a separate Changing Places facility, located in the corridor next to the Box Office. Download i nformation about the Changing Places hoist and instructions for use . Joan Sutherland Theatre One facility, located next to the male bathrooms on Level 3a of the Northern Foyers. Concert Hall Two facilities, one next to the male and female bathrooms on Level 3 of the Northern Foyers."
P070,"Accessible seating. There are a number of wheelchair and companion seating locations in all theatres. To book accessible seating, call the Box Office on 1300 764 849 or email bookings@sydneyoperahouse.com . Access to the Drama Theatre, Playhouse and Studio is from the Western Foyer (street level). For access to the Joan Sutherland Theatre or Concert Hall please see Front of House staff in the Box Office foyer (Level 1) who will provide lift access to these venues."
P071,"Ticketing policy. Our ticketing policy allows customers requiring a wheelchair accessible position to purchase a wheelchair accessible position for themselves and a seat for their companion at the lowest concession ticket price available at the time of purchase for the selected performance. Where no concessions are available, the wheelchair seat and one companion seat will be sold at the lowest price available for that event at the time of purchase. Additional companions can purchase tickets on the standard pricing basis."
P072,Courtesy wheelchairs. A limited number of courtesy wheelchairs (standard manual wheelchairs) are available for loan one hour before performances for patrons attending events in the Concert Hall and Joan Sutherland Theatre. They are available by the entrance of the Western Foyers (at the top of the escalators). Front of House staff are happy to arrange for patrons to borrow these wheelchairs but are unable to leave their posts to assist patrons moving around the House. It is therefore strongly recommended that patrons who do not normally use a wheelchair bring a friend or companion along to assist them in manoeuvring the wheelchair around the House. Front of House Staff are not able to assist patrons in transferring to seats or to provide personal attendant services.
P073,"Accessible buggy service. Visitors and patrons with limited mobility arriving by taxi or private vehicle may be dropped at the designated area near the Macquarie Street Gatehouse. The Gatehouse is located at the entry to the Sydney Opera House site, just off the roundabout at the bottom of Macquarie Street. There is a driveway around the Gatehouse that provides a vehicle drop off for patrons and turnaround point. The distance from the Gatehouse to the building entry is 160 metres. Opera House staff are on hand to arrange transfers to the building via a wheelchair-accessible shuttle service between the hours of 10am and 5pm. The dimensions of the wheelchair accessible shuttle is 84cm width x 95cm length x 142cm height. There is a 110kg weight limit. To arrange transfer outside of these hours, please contact accessibility@sydneyoperahouse.com or call the box office on 1300 764 849 (Monday to Sunday, 9am-5pm AEST)."
P074,Dates and times. Tours run daily* We encourage you to purchase your tour in advance. *Please refer to the calendar which appears when you click the 'Book Now' button for the most up to date tour times available. Please note tours are not available on 25 December 2026 and 31 December 2026. Tours are subject to availability.
P075,"Ticket pricing. Ticket Pre-Book On The Day Adult $50 $55 Child> $30 $35 Concession* $40 $45 Family^ $130 $145 1 April 2027 onwards Ticket Pre-Book On The Day Adult $52 $57 Child> $32 $37 Concession* $42 $47 Family^ $136 $151 > Child 5 to 15 years of age. Children under 5 years are free of charge. Children aged 15 and under must be accompanied at all times. * Concessions are available to holders of an Australian Seniors Card, Australian Pensioners, full-time students aged 16+. ^ The family price includes 2 adults and 2 children (15 years and under). There is a maximum of 35 people per tour and a maximum of 15 people per booking. If you would like to make a group booking or are unable to book online, please call 02 8188 3734 to place a reservation via our Reservations team."
P076,"Accessibility. On this 1-hour tour you will walk up to 2.5km and climb and descend around 300 stairs. There is no lift access and no opportunity to sit and rest during the tour. Please expect to be on your feet for the full hour. This tour is not suitable for wheelchairs and walkers. If you use a wheelchair or walker, we recommend our Mobility Access Tour that runs daily, which follows a step-free route and is designed for visitors with mobility needs. Other walking aids (such as a single stick or crutch) may be permitted at the discretion of our team, but please be aware that the tour moves at a steady pace and cannot be significantly slowed. For your safety and comfort, and to ensure a good experience for all guests, we may need to move your booking to our Mobility Access Tour instead. If we do this, there will be no extra charge; if a suitable tour is not available, we will provide a full refund. Please be aware that headsets are used on our tours. If you have sensitive hearing or any concerns about our equipment, please contact tourismbookings@sydneyoperahouse.com for more information"
P077,"Essential information. This tour runs for approximately 1 hour. This time is from when one of our guides meets guests at the Welcome Centre on the Lower Concourse through to the end of the tour. Please arrive at the Welcome Centre 15 minutes prior to your tour time to adhere to check in and cloaking procedures. If you are more than 5 minutes late from the start time of your tour, your tour will be forfeited and a refund will not be available. Please arrive on time for your tour so we can provide the best experience for you and other tour guests. We stage lots of live performances, so venues are subject to availability at the time of your tour."
P078,"French Tour Visite guidée de l’Opéra de Sydney. Partez à la découverte de l’Opéra de Sydney, de sa riche histoire et de ses secrets extraordinaires. Découvrez les coulisses, le dynamisme et l’effervescence du bâtiment le plus populaire d’Australie. Vous avez vu l’extérieur de l’opéra, mais il vous reste encore beaucoup à découvrir. Sous ses immenses voiles se cachent des espaces et des histoires incroyables. Découvrez l’histoire controversée, les spectacles inoubliables et l’avenir palpitant de l’Opéra de Sydney. Entrez dans l’opéra pour le découvrir de près. Chaque perspective apporte une expérience unique et époustouflante."
P079,"German Tour Die Sydney Opera House Tour. Treten Sie ein und entdecken Sie die legendäre Geschichte und die außergewöhnlichen Geheimnisse des Sydney Opera House. Erfahren Sie mehr über das Leben, die Energie und den Trubel in Australiens beliebtestem Gebäude."
P080,Japanese Tour シドニーオペラハウスツアー. シドニーオペラハウスの中に入ってみてください。その伝説的な歴史と驚くべき秘密に出会えます。 オーストラリア人が大好きな建物の生命力、エネルギー、ワクワクをご体験ください。
P081,"Korean Tour 시드니 오페라 하우스 한국어 투어. 건물 내부로 들어가서 시드니 오페라 하우스의 전설적인 역사와 특별한 비밀을 발견해 보세요. 호주에서 가장 인기 있는 이 건물의 생명과 에너지, 활기를 경험해 보세요."
P082,Mandarin Tour 悉尼歌剧院1小时中文导览之旅. 走进悉尼歌剧院，探索它的传奇历史和非凡秘密。体验这所澳大利亚最受欢迎的建筑的生命、活力和热闹。
P083,"Spanish Tour Visita guiada a la Casa de la Ópera de Sídney. Entre y descubra la historia legendaria y los extraordinarios secretos de la Ópera de Sídney. Sienta la vida, la energía y el entusiasmo del edificio favorito de Australia."
P084,"Getting here. How to get to the Opera House - and finding your way around our amenities, venues and precinct once you’re here."
P085,Where do I go for the tour?. The tour meeting point is at the Welcome Centre located on the Lower Concourse of the Opera House. Download precinct map (PDF)
P086,"What time do I need to arrive before my tour?. It’s a great idea to arrive early, grab a drink and soak up the view. Please arrive 15 minutes before your tour to allow sufficient time to cloak any large bags. This should allow enough time for the mandatory visual inspections and/or cloaking of bags and personal belongings by Opera House staff before starting your tour. Where possible, please leave bags at home. If you bring a bag, those larger than A4 size will need to be cloaked before you can go on the tour. We're unable to store suitcases or large bags as we have limited cloaking facilities."
P087,"If I am late for my tour what can I do?. If you are going to be late for your tour please call our Reservations team on 02 8188 3734 for assistance. If you are more than 5 minutes late from the start time of your tour, your tour will be forfeited and a refund will not be available. Please arrive 15 minutes prior to the tour time so we can provide the best experience for you and other tour guests."
P088,"What can I bring with me on the tour?. Where possible, please do not bring bags to the Sydney Opera House. Bags larger than A4 size will need to be cloaked before you can go on the tour. However we can’t store suitcases or large bags as our cloaking facilities are extremely limited. Cameras are allowed on the tour and there are plenty of photo opportunities throughout the entire tour. Your tour guide will advise you whilst on tour if photographs are not to be taken inside any venues. Please note there is no video filming on the tour. Mobile phones are permitted on the tour however please ensure they are switched off or on silent for the duration of the tour."
P089,"Will we go inside all the theatres on the tour?. You will have the opportunity to visit some of the Opera House’s many venues and theatres on this tour. Please note that as we are a busy performing arts centre, venues and theatres are subject to availability at the time of your tour."
P090,Can I make a booking for 10 people or more?. You can make a booking for up to 11 people though our maximum capacity per tour is 35 people. For capacity reasons the booking must be made by calling 02 8188 3734. Our Reservations team will assist with your reservation.
P091,Do I need to book in advance?. We encourage you to purchase your tour in advance online or via the phone where you’ll receive an eTicket. Please bring this with you and present it upon check-in at the Welcome Centre located on the Lower Concourse of the Opera House.
P092,"Getting to the Sydney Opera House. The Opera House is a 7-10 minute walk from Circular Quay, and is easily accessible by car, train, ferry, lightrail, bus, bike and on foot."
P093,"Dates and times. Date Time Daily 11:30am, 2:45pm Please note tours are not available on 25 December 2026 and 31 December 2026. Tours are subject to availability."
P094,"Ticket pricing. Ticket Price Adult $50 Child> $30 Concession* $40 Family^ $130 1 April 2027 onwards Ticket Price Adult $52 Child> $32 Concession* $42 Family^ $136 > Child 5 to 15 years of age. Children under 5 years are free of charge. Children aged 15 and under must be accompanied at all times. * Concessions are available to holders of an Australian Seniors Card, Australian Pensioners, full-time students aged 16+."
P095,Accessibility. We offer Australian Sign Language (Auslan) Interpreters and Audio Described tours on request. On Auslan tours an Australian Sign Language interpreter will accompany the tour guide to interpret the tour commentary. Bookings must be made at least 14 days in advance and are subject to the availability of the interpreter. Bookings can be made through the booking form or by calling Tourism Reservations on +61 2 8188 3734 or emailing tourism@sydneyoperahouse.com . Customers who are deaf or who have a hearing impairment can call (at no cost) through the National Relay Service: TTY users phone 13 36 77 then ask for 8188 3734 Speak and Listen (speech-to-speech relay) users phone 1300 555 727 then ask for 8188 3734 Internet relay users connect to the National Relay Service (NRS) and then ask for 8188 3734
P096,"Essential information. This tour is currently only available in English. This tour runs for approximately 1 hour. This time is from when one of our guides meets guests at the Stage Door entrance through to the end of the tour. Please arrive at Stage Door 15 minutes prior to your tour time to adhere to check in and cloaking procedures. If you are more than 5 minutes late from the start time of your tour, your tour will be forfeited and a refund will not be available. Please arrive on time for your tour so we can provide the best experience for you and other tour guests. We stage lots of live performances, so venues are subject to availability at the time of your tour."
P097,Where do I go for the tour?. The tour meeting point is at Stage Door which is located beneath the Monumental Steps. Download precinct map (PDF)
P098,Do I need to book in advance?. We encourage you to purchase your tour in advance online or via the phone where you’ll receive an eTicket. Please bring this with you and present it upon check-in at Stage Door.
P099,"Dates and times. Date Time Saturdays 8:15am, 10am Selected Sundays 10am We encourage you to purchase your tour in advance. Tours are subject to availability. There is a maximum of 35 people per tour and and a maximum of 15 people per booking. If you would like to make a group booking or are unable to book online, please call 02 8188 3734 to place a reservation via our Reservations team."
P100,"Ticket pricing. Ticket Pre-Book On The Day Adult $60 $65 Child> $33 $38 Concession* $46 $51 Family^ $153 $168 1 April 2027 onwards Ticket Pre-Book On The Day Adult $65 $70 Child> $45 $50 Concession* $55 $60 Family^ $175 $190 > Child 5 to 15 years of age. Children under 5 years are free of charge. Children aged 15 and under must be accompanied at all times * Concessions are available to holders of an Australian Seniors Card, Australian Pensioners, full-time students aged 16+. ^ The family price includes 2 adults and 2 children (15 years and under)."
P101,"Accessibility. You’ll be on your feet for a guided tour, there are over 300 stairs, so flat comfortable shoes are recommended. If you have mobility concerns, you may wish to take a Mobility Access Tour ."
P102,"Essential information. This tour is currently only available in English. This tour runs for approximately 1 hour and 15 mins. This time is from when one of our guides meets guests at the Welcome Centre on the Lower Concourse through to the end of the tour. Please arrive at the Welcome Centre 15 minutes prior to your tour time to adhere to check in and cloaking procedures. If you are more than 5 minutes late from the start time of your tour, your tour will be forfeited and a refund will not be available. Please arrive on time for your tour so we can provide the best experience for you and other tour guests. We stage lots of live performances, so venues are subject to availability at the time of your tour."
P103,"Dates and times. Date Time Daily 7am* * Please note tours are not available on 25 December 2026 and 31 December 2026. Tours are subject to availability. Bookings are essential. Please ensure you book your tour no later than 5pm AEDT/AEST the day prior to departure. Please arrive at Stage Door at 6:45am (15 minutes prior to departure time) to check in with your Tour Guide and cloak your bags. There is a maximum of 12 people per tour. If you would like to make a group booking or are unable to book online, please call 02 8188 3734 to place a reservation via our Reservations team."
P104,"Ticket pricing. Ticket Price Adult $199 1 April 2027 onwards Ticket Price Adult $210 This tour is available for adults, as well as children aged between 10 and 15 years who must be accompanied by an adult at all times. For safety reasons children under the age of 10 are not able to take part in the tour. If you wish to make a group booking of 8 or more guests in another language, please reach out to our Reservations team on 02 8188 3734 to make an enquiry."
P105,"Accessibility. You’ll be on your feet for this tour and flat, enclosed, rubber-soled shoes must be worn. Your feet will thank you! You will climb around 300 stairs as you move throughout foyers and spaces. While there are railings and a number of rests throughout the tour when the guide shares our stories, you will not have the opportunity to sit for any long periods of time during the tour until you reach the Green Room to enjoy your breakfast. For a stair-free tour, you may wish to take our Mobility Access Tour ."
P106,"Essential information. For safety reasons, flat, enclosed, rubber-soled shoes must be worn on this tour. Children under the age of 10 are not able to take part in the tour for safety reasons. Children aged between 10 and 15 years must be accompanied by an adult at all times. The Backstage Tour is currently only available in English language. This tour runs for approximately 2 hours and 15 minutes in duration. This time is from when one of our guides meets guests at the Stage Door entrance, through to the end of the tour and breakfast in the Green Room. Please arrive at Stage Door 15 minutes prior to your tour time to adhere to check in and cloaking procedures. If you are more than 5 minutes late from the start time of your tour, your tour will be forfeited and a refund will not be available. Please arrive on time for your tour so we can provide the best experience for you and other tour guests. We stage lots of live performances, so venues are subject to availability at the time of your tour."
P107,"Breakfast menu. Green Room Breakfast Menu Choose one from the following: Avo toast (GFO, VN, SE) Fresh smashed avocado with za`atar on a slice of artisan sourdough bread Bacon & egg toast (DF, GFO) 2 poached eggs with baby spinach and bacon on artisan sourdough bread Brekky bun (P) Milk bun, smoked bacon, fried egg and tomato relish Butter croissant with spreads (V) Choose up to 2 spreads - butter, peanut butter, vegemite or jam Yoghurt bowl (GF, VN, SY, SE, N) Coconut yoghurt with berry compote and granola Beverages Black tea Green tea Apple juice Orange juice Coffee *Please note menu items are subject to change depending on seasonality and availability. GF - Gluten free, GFO - Gluten free option, V - Vegetarian, VN - Vegan, P - Pork product, DF - Dairy free, SE - Sesame product, SY - Soy product, N - Nut product"
P108,"What time do I need to arrive before my tour?. Please arrive 15 minutes before your tour start time so you can clock any bags. For the Backstage Tour please arrive at 6.45am. Where possible, please do not bring any belongings with you on the tour, as cloaking facilities are extremely limited."
P109,"What can I bring?. Where possible, please do not bring bags to the Sydney Opera House. Bags larger than A4 size will need to be cloaked before you can go on the tour. However we can’t store suitcases or large bags as our cloaking facilities are extremely limited. Cameras are allowed on the tour and there are plenty of photo opportunities throughout the entire tour. Your tour guide will advise you whilst on tour if photographs are not to be taken inside any venues. Please note there is no video filming on the tour. Mobile phones are permitted on the tour however please ensure they are switched off or on silent for the duration of the tour."
P110,"Can I make a booking for 10 people or more?. The Backstage Tour is a small group tour. If you wish to make a group booking of 8 or more guests, please reach out to our Reservations team on 02 8188 3734 to make an enquiry."
P111,Do I need to book in advance?. We encourage you to purchase your tour in advance online or via the phone where you’ll receive an eTicket. Please bring this with you and present it upon check-in at the Stage Door located beneath the Monumental Steps of the Opera House.
P112,"Dates and times. Tours run daily, subject to availability. The meal and beverage component of the tour is available before or after your tour. Venue Dining availability Opera Bar 11:30am - 6pm Midden 11:30am - 6pm Winnie’s 11:30am - 6pm"
P113,"Ticket pricing. Ticket Pre-Book On The Day Adult $84.00 $91.00 Child> $45.00 $50.00 Concession* $74.50 $81.00 Receive 15% discount off adult and child 'tour only' component of this experience when booking online. > Child 5 to 15 years of age. Children under 5 years are free of charge for the tour only, dining for children under 5 can be purchased at the venue. Children and minors aged under 18 must be accompanied by an adult aged over 18 years at all times. * Concessions are available to holders of an Australian Seniors Card, Australian Pensioners, full-time students aged 16+. There is a maximum of 35 people per tour and a maximum of 15 people per booking. If you would like to make a group booking, book a tour in Mandarin or are unable to book online, please call 02 8188 3734 to place a reservation via our Reservations team."
P114,"Accessibility. You’ll be on your feet for a guided tour, there are over 300 stairs, so flat comfortable shoes are recommended. Your feet will thank you! If you have mobility concerns, you may wish to take a Mobility Access Tour ."
P115,"Essential information. The Sydney Opera House Tour is offered in English. It is also available to book in French , German , Spanish , Japanese , Korean and Mandarin . Tour duration is approximate from when one of our guides meets guests at the Welcome Centre through to the end of the tour. Present your ticket at your preferred dining venue to enjoy your meal either before or after your tour. Please arrive at the Welcome Centre 15 minutes prior to your tour time to adhere to check in and cloaking procedures. If you are more than 5 minutes late from the start time of your tour, your tour will be forfeited and a refund will not be available. Please arrive on time for your tour so we can provide the best experience for you and other tour guests. We stage lots of live performances, so venues are subject to availability at the time of your tour. No reservations are needed to dine. You can enjoy your meal anytime between 11:30am and 6pm (subject to venue availability). To redeem your meal at Opera Bar and Winnie’s: Available before or after your tour from 11:30am to 6pm. On arrival at either venue, please find a table before making your way to the bar and presenting your Tour & Dine ticket to bar staff. To redeem your meal at Midden by Mark Olive: Available before or after your tour between 11:30am to 6pm. On arrival to Midden, please present your Tour & Dine ticket to wait staff before being seated."
P116,"Opera Bar. A reflection of Sydney in all its colour and vibrancy, Opera Bar is a space to showcase people, produce and artists. The menus celebrate the city's diverse food culture, offering an opportunity to taste the soul of Sydney. With live entertainment setting the stage daily, Opera Bar is where you mark life's moments and make every day epic.Open Sunday to Thursday 11am to late. Friday and Saturday 11am to 12am. Eat & drink"
P117,"Midden by Mark Olive. Multi award-winning Midden by Mark Olive showcases contemporary Australian cuisine infused with native ingredients and Indigenous storytelling.&nbsp;Located on the Sydney Opera House promenade, Midden offers a uniquely Australian dining experience with spectacular harbour views, seasonal menus and warm hospitality celebrating Country, culture and connection. Eat & drink"
P118,"Winnie’s. Winnie’s is Applejack Hospitality’s new all-day dining destination located on the Lower Concourse beneath the Sydney Opera House sails. Inspired by Winifred Atwell, the first woman to perform at the Opera House, Winnie’s offers a dedicated coffee program, pastries, seafood-driven share plates and an all-Australian wine and cocktail list, with 330 seats overlooking Sydney Harbour from morning coffee to sunset drinks. Eat & drink"
P119,Dates and times. Date Time Sunday 22 February 2026 11:30am Sunday 22 March 2026 11:30am Sunday 19 April 2026 11:30am Sunday 31 May 2026 11:30am Sunday 28 June 2026 11:30am Sunday 26 July 2026 11:30am Sunday 23 August 2026 11:30am Sunday 27 September 2026 11:30am Sunday 25 October 2026 11:30am
P120,Ticket pricing. Ticket Price Standard $395 Please note this is an experience for ages 18+. It is at the discretion of the restaurant or bar to check identification at any point during the experience. Vegetarian and non-alcoholic options are available upon booking. Additional drinks may be purchased throughout the experience.
P121,"Essential information. This tour is given in English only, however we welcome all visitors to experience the universal language of food on this wonderful experience. A dedicated guide will meet guests at Stage Door at 11:30am, and will host the group from Opera Bar, Midden and behind the scenes on the Boardroom balcony, through to finishing at Bennelong Restaurant at approximately 3:30pm. Please note: Menu items at each venue are subject to change depending on seasonality and availability. Vegetarian and non-alcoholic options are available."
P122,"Do I need to book in advance?. Yes, this is a limited tour and must be booked in advance. We will not be able to take bookings on the day."
P123,"What happens if I can’t make my tour?. Please contact our Tourism Reservations team on 02 8188 3734 as soon as possible to advise if you can no longer attend. If you can no longer attend because you are unwell, or have been in contact with someone displaying COVID-19 symptoms, the Opera House has introduced flexible ticketing options to help you."
P124,Can children join this tour?. Children under the age of 18 are not able to take part in this experience.
P125,"Are there vegetarian options available on this tour?. Yes, there are vegetarian and non-alcoholic options available. Please select upon booking."
P126,"Can I make a booking for 8 people or more?. Yes, though the maximum capacity per tour is 12 people. For capacity reasons the booking must be made by calling 02 8188 3734. Our Reservations team will assist with your reservation."
P127,"There is only 1 of me, can I still attend by myself?. Absolutely! You will meet new people and make friends along the way."
P128,"What are the transport options to the Opera House?. You can catch public transport (bus, train, ferry) to Circular Quay and enjoy a 6 minute walk to the Opera House. If you’re getting dropped off in a car, head to the roundabout at the bottom of Macquarie Street where staff will direct you to a safe place to pull over."
P129,If I am late for my tour what can I do?. If you are going to be late for your tour please call our Tourism Reservations team on 02 8188 3734 for assistance.
P130,"What should I wear?. So long as you’re wearing shoes and a shirt, whatever you like. We’re pretty informal here at the Opera House. There’s no real dress code for tours, so you’ll fit right in with casual attire."
P131,Is this tour wheelchair accessible?. Yes it is! The tour is accessible for all with ramps and lifts along the way.
P132,Dates and times. Date Artist Time Sunday 3 May 2026 Issy Parker 9:45am - 11am 11:30am-12:45pm Sunday 31 May 2026 Sarah Fitzgerald 9:45am - 11am 11:30am-12:45pm Sunday 28 June 2026 Sarah Fitzgerald 9:45am - 11am 11:30am-12:45pm Sunday 26 July 2026 Dan Gladden 9:45am - 11am 11:30am-12:45pm Sunday 20 September 2026 Emily Besser 9:45am - 11am 11:30am-12:45pm Sunday 18 October 2026 Emily Besser 9:45am - 11am 11:30am-12:45pm Sunday 15 November 2026 Emily Besser 9:45am - 11am 11:30am-12:45pm
P133,"Free event with registration. A $20 fee will be charged per transaction. It will be refunded after you’ve attended the tour. Maximum two (2) tickets per person. Tickets registered in excess of the ticket limit may be cancelled without notice. The only authorised agency for this event is Sydney Opera House. For more information about authorised agencies, see the frequently asked questions below."
P134,"Accessibility. A social story provides information about what to expect when attending a venue or show. It has short descriptions with images. See the Centre for Creativity Social Story . For any special access requirements phone the Contact Centre on 1300 764 849 or email bookings@sydneyoperahouse.com . The tour involves walking throughout the Opera House site to find interesting aspects of the building, so we will be stopping frequently to sit and draw. Please advise us upon booking if you have any particular learning or mobility needs for us to support. Find out more about accessibility at Sydney Opera House ."
P135,"Essential information. This class is for all ages and skill levels, from beginners to experienced. Come solo, with a group of friends or a family member. Please note that the tour route includes indoor and outdoor spaces across the Opera House, so there is a fair bit of walking up and down stairs. There will be moments to stop and sit during drawing activities to get your rest. The Opera House is committed to the safety and wellbeing of children that visit or engage with us. Read our Child Safety Policy . Please dress for the weather as we will be working outdoors. Participants must provide their own sketchbooks. Our venue is Heritage listed so please only bring dry drawing materials (pencils, charcoal pencils), not any oil or wet drawing materials (no oil pastels or watercolours). The tour will meet at the Welcome Centre located on the Lower Concourse. Our Welcome Team will be around to help direct you. We highly recommend bringing sunscreen, a water bottle and wearing a hat. This walking tour will visit various spaces throughout the Sydney Opera House and will include around 300 stairs. Pease wear flat, comfortable shoes - your feet will thank you! If you have any concerns about the intensity of the tour please contact our Tourism Reservations team on 02 9250 7250 or tourismbookings@sydneyoperahouse.com . Please arrive 15 minutes before your tour to allow sufficient time to cloak all your bags and personal belongings. Where possible, please leave bags at home."
P136,"Emily Besser. Warrane/Sydney (Gadigal land) Emily is an artist living and working in Redfern, Sydney. Graduating from Sydney College of the Arts in 2001, with Honours in Painting, she then studied and practised as a lawyer in environmental and planning law. Besser’s drawing practice both informs and extends her painting practice. She works in multiple mediums including wax, clay, coloured pencils, paper and paint. She uses different modes such as sitting, walking and cycling to notice, collect and process ideas and experiences through material. Besser’s cyclical way of working in different mediums and modes is a personal and generative process. She invites mistakes and uncertainty in her art-making and often bounds the work process with self-made rules, allowing the work to unfold through improvisation and experimentation. As an educator, Emily invites participants to approach art-making in playful and exciting ways - focusing on process, enjoyment and accessibility, rather than a finished product."
P137,"Issy Parker. Issy Parker is a Sydney-based artist, working on Bunjalung Country. Her practice explores the transmission of energy and storytelling through clay. Her vessels reflect a dialogue between intention and surrender, balancing natural processes with the artist’s hand to create distinct, lively forms. Drawing on environment and lived experience, Parker’s work celebrates individuality, material engagement and a deep connection to the natural world. She holds a Bachelor of Fine Arts from the National Art School and is an exhibiting artist and educator."
P138,"Sarah Fitzgerald. Sarah Fitzgerald is a Sydney based artist with a Master’s in Fine Arts from the National Art School in Sydney and a degree in Architecture from the University of Sydney. She works concurrently in architecture, design, art and education. Her art practice is interdisciplinary and includes painting, sculpture, drawing and large-scale installation. She is interested in contemporary issues of place and identity and the role different types of structures, such as language, architecture, and urbanization, affect the way we live and communicate with each other. Through her art practice she explores the interface between art and architecture and how these two disciplines reflect the way we construct and occupy space."
P139,"Dan Gladden. Dan Gladden is a visual artist born in Western Australia and now residing and working on Gadigal Land / Sydney. After graduating from Edith Cown University with a Bachelor of Visual Arts (Hons) in 2006, Dan has exhibited extensively in both Western Australian and Sydney galleries, as well as internationally. He has been featured in a number of private collections, group exhibitions and projects. His figurative works explore ideals of the masculine form, the construction of archetypal male identities and queer domesticity. Dan’s practice has recently pivoted to entirely drawing-based, exploring classical ideals alongside contemporary coded imagery."
P140,"Sign up for Centre for Creativity updates. We announce new workshops quarterly. If you want to be the first to know, s ign up to receive updates from Sydney Opera House and be the first to know about upcoming workshops in our Centre for Creativity. Sign up to our newsletter"
P141,The Living Jar. 5 Sep 2026 Experiences Workshops
P142,Moves in the Game. 25 Sep 2026 Workshops
P143,Draw the House. Once a month join like-minded creative souls to explore the Opera House and its surroundings through the eyes of an artist. English
P144,"Opening hours. Open seven days a week for dinner reservations, and lunch reservations Friday to Sunday. For pre-theatre dining, please allow a minimum of 1 hour and 45 minutes prior to attending your performance to enjoy Bennelong’s three-course menu."
P145,"Booking. Restaurant bookings are essential and can be made online with Bennelong. Call 02 9240 8000 or visit bennelong.com.au. Reservations are available for the Bennelong Bar, with space held for walk-ins, subject to availability. Make a booking"
P146,"Getting to the venue. The Opera House is a 7-10 minute walk from Circular Quay, and is easily accessible by car, train, ferry, lightrail, bus, bike and on foot."
P147,Opening hours. Monday – Sunday Lunch: 11:30am – 3:00pm Dinner: 5:00pm – late Bar: 11.30am – late
P148,"Booking. Bookings are recommended and can be made online via the Midden website. For group bookings, accessibility requirements or menu assistance, please contact the Midden team directly via phone or email. Website: https://www.middensydney.com.au/ Phone: (02) 8543 6077 Email: hello@middensydney.com.au Make a booking"
P149,Opening hours. Open Sunday to Thursday 11am to late. Friday and Saturday 11am to 12am.
P150,"Booking. Opera Bar is open for walk-ins only. Please check in at the host desk upon arrival and we’ll do our best to accommodate you. For further enquiries, please get in touch with us on hello@applejackhospitality.com.au or call us on (02) 9051 1292. Contact Opera Bar"
P151,"Opening hours. Monday - Sunday, 7am until late"
P152,"Booking. Walk-ins welcome across the day. No reservations required. For accessibility needs or menu format requests, contact the Winnie’s team or on-site staff. Contact the Winnie’s team"
P153,"Getting to the venue. The Opera House is a 7-10 minute walk from Circular Quay, and is easily accessible by car, train, ferry, light rail, bus, bike and on foot."
P154,Opening hours. Theatre bars will open 90 minutes prior to the start of a performance and during intervals.
P155,Opening hours. Opens two hours prior to the start of performances held in the Concert Hall and Joan Sutherland Theatre. No reservations required.
P156,Free chocolate with any hot drink. Use your Mastercard to purchase any hot drink and receive a complimentary Koko Black chocolate.
P157,Film at the House Exhibition. 3 Jun – 3 Dec 2026 Experiences Cinema
P158,"The Sydney Opera House car park is open 24 hours a day from Monday to Sunday, including public holidays."
P159,"Parking at the Sydney Opera House is available 24 hours a day, seven days a week, including on public holidays."
P160,"The Sydney Opera House car park operates around the clock every day of the week, including public holidays."
P161,The Sydney Opera House car park is underneath the building and can be accessed from 2 Macquarie Street at the northern end in Sydney.
P162,"Parking for the Sydney Opera House is located beneath the building, with vehicle access via 2 Macquarie Street at the northern end."
P163,"The car park is situated underneath the Sydney Opera House and its entrance is via 2 Macquarie Street, at the northern end of the building."
P164,"Sydney Opera House is approximately a 7 to 10 minute walk from Circular Quay and can also be reached by car, train, ferry, light rail, bus, bicycle or on foot."
P165,"From Circular Quay, it takes around 7-10 minutes to walk to the Sydney Opera House. Visitors can also travel there by car, train, ferry, light rail, bus or bike."
P166,"The Opera House is within a 7-10 minute walk of Circular Quay and is accessible using several transport options including car, train, ferry, light rail, bus and bicycle."
P167,Visitors collecting tickets from the Box Office should arrive at least 30 minutes before their event. Those who already have tickets should arrive at least 20 minutes early to allow time for security screening and any required bag cloaking.
P168,"If you need to collect tickets at the Box Office, it is recommended that you arrive 30 minutes before the event. If you already have your tickets, arrive at least 20 minutes beforehand to allow time for mandatory security checks and bag cloaking."
P169,"Plan to arrive early at the Sydney Opera House: at least 30 minutes before the event when collecting tickets, or at least 20 minutes before if you already have them. This provides time for security inspections, x-ray screening and any necessary cloaking of belongings."
P170,All ticket holders must have their bags and personal belongings visually inspected or x-ray screened by Sydney Opera House security before entering a venue. Electronic screening may also be used for people attending performances.
P171,"Before entering a Sydney Opera House venue, ticketholders are required to present bags and belongings for visual inspection or x-ray screening. Performance attendees may also undergo electronic screening by security staff."
P172,"Sydney Opera House requires bags and personal belongings to undergo a visual check or x-ray screening as a condition of entry. Security checks take place at venue entrances, and alternative screening can be requested by patrons who prefer it."
P173,Wheelchair and companion seating is available in all Sydney Opera House theatres. Accessible seats can be booked by calling the Box Office on 1300 764 849 or emailing bookings@sydneyoperahouse.com.
P174,All theatres at the Sydney Opera House provide wheelchair and companion seating locations. Visitors can arrange accessible seating through the Box Office by phone on 1300 764 849 or by emailing bookings@sydneyoperahouse.com.
P175,"Accessible wheelchair and companion seats are offered across all Opera House theatres. The Drama Theatre, Playhouse and Studio are accessed from the street-level Western Foyer, while lift access is provided for the Joan Sutherland Theatre and Concert Hall through Front of House staff."
P176,A limited number of standard manual courtesy wheelchairs can be borrowed one hour before performances in the Concert Hall and Joan Sutherland Theatre. They are available near the entrance to the Western Foyers at the top of the escalators.
P177,Sydney Opera House provides a limited number of manual courtesy wheelchairs for patrons attending events in the Concert Hall and Joan Sutherland Theatre. These are available from one hour before the performance at the Western Foyers.
P178,"Patrons attending performances in the Concert Hall or Joan Sutherland Theatre may borrow one of a limited number of courtesy wheelchairs from one hour before the event. Visitors who need help manoeuvring a wheelchair are strongly encouraged to bring a companion, as Front of House staff cannot provide personal attendant or transfer assistance."
P179,The Sydney Opera House Tour lasts approximately one hour. Guests should arrive at the Welcome Centre on the Lower Concourse 15 minutes before their scheduled tour to complete check-in and cloaking procedures.
P180,Allow approximately one hour for the Sydney Opera House Tour and arrive at the Welcome Centre 15 minutes before the scheduled start time. Guests more than five minutes late may forfeit their tour without a refund.
P181,"The Opera House Tour takes about one hour from meeting the guide at the Welcome Centre until the tour finishes. Visitors should check in 15 minutes early, and arriving more than five minutes after the tour begins will result in the tour being forfeited without a refund."
P182,The meeting point for the Sydney Opera House Tour is the Welcome Centre on the Lower Concourse of the Opera House.
P183,"Guests joining the tour should meet at the Welcome Centre, which is located on the Lower Concourse of the Sydney Opera House."
P184,Sydney Opera House tours meet at the Welcome Centre on the building's Lower Concourse.
P185,Visitors are encouraged to book their Sydney Opera House Tour in advance either online or by phone. An eTicket will be provided and should be presented when checking in at the Welcome Centre on the Lower Concourse.
P186,It is recommended that guests purchase their tour ahead of time online or over the phone. The resulting eTicket should be brought to the Welcome Centre and shown during check-in.
P187,Sydney Opera House recommends booking tours in advance by phone or online. Guests receive an eTicket that must be presented at check-in at the Welcome Centre on the Lower Concourse.
