topic_id,topic,passage_id,passage,relevance_judgment
W01,What are the Sydney Opera House car park opening hours?,P031,Car park opening hours. Monday to Sunday 24 hrs (including Public Holidays).,2
W01,What are the Sydney Opera House car park opening hours?,P158,"The Sydney Opera House car park is open 24 hours a day from Monday to Sunday, including public holidays.",2
W01,What are the Sydney Opera House car park opening hours?,P159,"Parking at the Sydney Opera House is available 24 hours a day, seven days a week, including on public holidays.",2
W01,What are the Sydney Opera House car park opening hours?,P160,"The Sydney Opera House car park operates around the clock every day of the week, including public holidays.",2
W02,Where is the Sydney Opera House car park located?,P032,"Car park location. The Sydney Opera House Carpark is located underneath the building with access via 2 Macquarie Street (Northern end), Sydney.",2
W02,Where is the Sydney Opera House car park located?,P161,The Sydney Opera House car park is underneath the building and can be accessed from 2 Macquarie Street at the northern end in Sydney.,2
W02,Where is the Sydney Opera House car park located?,P162,"Parking for the Sydney Opera House is located beneath the building, with vehicle access via 2 Macquarie Street at the northern end.",2
W02,Where is the Sydney Opera House car park located?,P163,"The car park is situated underneath the Sydney Opera House and its entrance is via 2 Macquarie Street, at the northern end of the building.",2
W03,How do I get to the Sydney Opera House?,P092,"Getting to the Sydney Opera House. The Opera House is a 7-10 minute walk from Circular Quay, and is easily accessible by car, train, ferry, lightrail, bus, bike and on foot.",2
W03,How do I get to the Sydney Opera House?,P164,"Sydney Opera House is approximately a 7 to 10 minute walk from Circular Quay and can also be reached by car, train, ferry, light rail, bus, bicycle or on foot.",2
W03,How do I get to the Sydney Opera House?,P165,"From Circular Quay, it takes around 7-10 minutes to walk to the Sydney Opera House. Visitors can also travel there by car, train, ferry, light rail, bus or bike.",2
W03,How do I get to the Sydney Opera House?,P166,"The Opera House is within a 7-10 minute walk of Circular Quay and is accessible using several transport options including car, train, ferry, light rail, bus and bicycle.",2
W04,How early should I arrive before an event at the Sydney Opera House?,P011,"Plan to arrive early. If you are collecting your tickets from the Box Office, we recommend you do so at least 30 minutes before the event. If you already have your tickets, aim to arrive at least 20 minutes before the event. This should allow enough time for the mandatory visual inspections/x-ray screening and/or cloaking of bags and personal belongings by Opera House security staff before entering the venue.",2
W04,How early should I arrive before an event at the Sydney Opera House?,P167,Visitors collecting tickets from the Box Office should arrive at least 30 minutes before their event. Those who already have tickets should arrive at least 20 minutes early to allow time for security screening and any required bag cloaking.,2
W04,How early should I arrive before an event at the Sydney Opera House?,P168,"If you need to collect tickets at the Box Office, it is recommended that you arrive 30 minutes before the event. If you already have your tickets, arrive at least 20 minutes beforehand to allow time for mandatory security checks and bag cloaking.",2
W04,How early should I arrive before an event at the Sydney Opera House?,P169,"Plan to arrive early at the Sydney Opera House: at least 30 minutes before the event when collecting tickets, or at least 20 minutes before if you already have them. This provides time for security inspections, x-ray screening and any necessary cloaking of belongings.",2
W05,Are there bag checks and security screening at the Sydney Opera House?,P013,"Bag checks and screening. All ticketholders must present their bags and personal belongings for visual inspection or x-ray screening by Opera House security staff before entering the venue as a safety precaution and condition of entry. Ticketholders attending a performance may be electronically screened by Opera House security staff. Checks and screenings are carried out at the entrance to each venue. Our walk-through scanners are safe for patrons with pacemakers, cochlear implants or similar devices. Please let security know if you prefer alternative screening.",2
W05,Are there bag checks and security screening at the Sydney Opera House?,P170,All ticket holders must have their bags and personal belongings visually inspected or x-ray screened by Sydney Opera House security before entering a venue. Electronic screening may also be used for people attending performances.,2
W05,Are there bag checks and security screening at the Sydney Opera House?,P171,"Before entering a Sydney Opera House venue, ticketholders are required to present bags and belongings for visual inspection or x-ray screening. Performance attendees may also undergo electronic screening by security staff.",2
W05,Are there bag checks and security screening at the Sydney Opera House?,P172,"Sydney Opera House requires bags and personal belongings to undergo a visual check or x-ray screening as a condition of entry. Security checks take place at venue entrances, and alternative screening can be requested by patrons who prefer it.",2
W06,Is accessible seating available at the Sydney Opera House?,P070,"Accessible seating. There are a number of wheelchair and companion seating locations in all theatres. To book accessible seating, call the Box Office on 1300 764 849 or email bookings@sydneyoperahouse.com . Access to the Drama Theatre, Playhouse and Studio is from the Western Foyer (street level). For access to the Joan Sutherland Theatre or Concert Hall please see Front of House staff in the Box Office foyer (Level 1) who will provide lift access to these venues.",2
W06,Is accessible seating available at the Sydney Opera House?,P173,Wheelchair and companion seating is available in all Sydney Opera House theatres. Accessible seats can be booked by calling the Box Office on 1300 764 849 or emailing bookings@sydneyoperahouse.com.,2
W06,Is accessible seating available at the Sydney Opera House?,P174,All theatres at the Sydney Opera House provide wheelchair and companion seating locations. Visitors can arrange accessible seating through the Box Office by phone on 1300 764 849 or by emailing bookings@sydneyoperahouse.com.,2
W06,Is accessible seating available at the Sydney Opera House?,P175,"Accessible wheelchair and companion seats are offered across all Opera House theatres. The Drama Theatre, Playhouse and Studio are accessed from the street-level Western Foyer, while lift access is provided for the Joan Sutherland Theatre and Concert Hall through Front of House staff.",2
W07,Are courtesy wheelchairs available at the Sydney Opera House?,P072,Courtesy wheelchairs. A limited number of courtesy wheelchairs (standard manual wheelchairs) are available for loan one hour before performances for patrons attending events in the Concert Hall and Joan Sutherland Theatre. They are available by the entrance of the Western Foyers (at the top of the escalators). Front of House staff are happy to arrange for patrons to borrow these wheelchairs but are unable to leave their posts to assist patrons moving around the House. It is therefore strongly recommended that patrons who do not normally use a wheelchair bring a friend or companion along to assist them in manoeuvring the wheelchair around the House. Front of House Staff are not able to assist patrons in transferring to seats or to provide personal attendant services.,2
W07,Are courtesy wheelchairs available at the Sydney Opera House?,P176,A limited number of standard manual courtesy wheelchairs can be borrowed one hour before performances in the Concert Hall and Joan Sutherland Theatre. They are available near the entrance to the Western Foyers at the top of the escalators.,2
W07,Are courtesy wheelchairs available at the Sydney Opera House?,P177,Sydney Opera House provides a limited number of manual courtesy wheelchairs for patrons attending events in the Concert Hall and Joan Sutherland Theatre. These are available from one hour before the performance at the Western Foyers.,2
W07,Are courtesy wheelchairs available at the Sydney Opera House?,P178,"Patrons attending performances in the Concert Hall or Joan Sutherland Theatre may borrow one of a limited number of courtesy wheelchairs from one hour before the event. Visitors who need help manoeuvring a wheelchair are strongly encouraged to bring a companion, as Front of House staff cannot provide personal attendant or transfer assistance.",2
W08,How long does the Sydney Opera House Tour take?,P077,"Essential information. This tour runs for approximately 1 hour. This time is from when one of our guides meets guests at the Welcome Centre on the Lower Concourse through to the end of the tour. Please arrive at the Welcome Centre 15 minutes prior to your tour time to adhere to check in and cloaking procedures. If you are more than 5 minutes late from the start time of your tour, your tour will be forfeited and a refund will not be available. Please arrive on time for your tour so we can provide the best experience for you and other tour guests. We stage lots of live performances, so venues are subject to availability at the time of your tour.",2
W08,How long does the Sydney Opera House Tour take?,P179,The Sydney Opera House Tour lasts approximately one hour. Guests should arrive at the Welcome Centre on the Lower Concourse 15 minutes before their scheduled tour to complete check-in and cloaking procedures.,2
W08,How long does the Sydney Opera House Tour take?,P180,Allow approximately one hour for the Sydney Opera House Tour and arrive at the Welcome Centre 15 minutes before the scheduled start time. Guests more than five minutes late may forfeit their tour without a refund.,2
W08,How long does the Sydney Opera House Tour take?,P181,"The Opera House Tour takes about one hour from meeting the guide at the Welcome Centre until the tour finishes. Visitors should check in 15 minutes early, and arriving more than five minutes after the tour begins will result in the tour being forfeited without a refund.",2
W09,Where is the meeting point for the Sydney Opera House Tour?,P085,Where do I go for the tour?. The tour meeting point is at the Welcome Centre located on the Lower Concourse of the Opera House. Download precinct map (PDF),2
W09,Where is the meeting point for the Sydney Opera House Tour?,P182,The meeting point for the Sydney Opera House Tour is the Welcome Centre on the Lower Concourse of the Opera House.,2
W09,Where is the meeting point for the Sydney Opera House Tour?,P183,"Guests joining the tour should meet at the Welcome Centre, which is located on the Lower Concourse of the Sydney Opera House.",2
W09,Where is the meeting point for the Sydney Opera House Tour?,P184,Sydney Opera House tours meet at the Welcome Centre on the building's Lower Concourse.,2
W10,Do I need to book the Sydney Opera House Tour in advance?,P091,Do I need to book in advance?. We encourage you to purchase your tour in advance online or via the phone where you’ll receive an eTicket. Please bring this with you and present it upon check-in at the Welcome Centre located on the Lower Concourse of the Opera House.,2
W10,Do I need to book the Sydney Opera House Tour in advance?,P185,Visitors are encouraged to book their Sydney Opera House Tour in advance either online or by phone. An eTicket will be provided and should be presented when checking in at the Welcome Centre on the Lower Concourse.,2
W10,Do I need to book the Sydney Opera House Tour in advance?,P186,It is recommended that guests purchase their tour ahead of time online or over the phone. The resulting eTicket should be brought to the Welcome Centre and shown during check-in.,2
W10,Do I need to book the Sydney Opera House Tour in advance?,P187,Sydney Opera House recommends booking tours in advance by phone or online. Guests receive an eTicket that must be presented at check-in at the Welcome Centre on the Lower Concourse.,2
W11,What should I do if I lose something at the Sydney Opera House?,P005,"Lost property. Items handed into our Lost Property department are recorded and registered. If you have lost something within the Sydney Opera House precinct, please complete this form and Sydney Opera House will make every effort to locate your lost item. We will response to your enquiry as soon as possible. Lost property form",2
W12,What are the entry requirements for venues inside the Sydney Opera House?,P012,"Entry to venues. Entry to venues inside the Opera House including theatres, the Utzon Room, the Centre for Creativity and Bennelong Restaurant is via a single entry point located under the Monumental Steps. Entry to the Yallamundi Rooms is via the Northern Broadwalk.",2
W13,What items are prohibited at the Sydney Opera House?,P014,"Prohibited items. The following items are prohibited: Alcohol Glass beverage containers Illegal substances including controlled, dangerous or illicit drugs Flammable devices (flares, fireworks and smoke bombs) Anything that could be used as a weapon such as sharp items including knives Suspicious items or items which may look like a weapon Professional cameras or recording devices Laser pointers Offensive signage or clothing Drones or unmanned aerial vehicles (UAVs) Any other item that may cause harm or public nuisance or could interfere with the event",2
W14,Can I cloak bags or belongings at the Sydney Opera House?,P015,"Cloaking. We strongly encourage patrons to leave bags at home and to avoid bringing any large items to the Opera House (anything larger than an A4 sheet of paper) to avoid delays. Larger items – including handbags bigger than A4-size, backpacks, umbrellas, suitcases and prams – are not permitted inside the venues and must be cloaked. Cloaking is at the discretion of Opera House venue security staff and all items will be visually inspected. Items presented to the cloaking desk will only be accepted from patrons with a valid performance ticket. At no time should your bag be left unattended.",2
W14,Can I cloak bags or belongings at the Sydney Opera House?,P086,"What time do I need to arrive before my tour?. It’s a great idea to arrive early, grab a drink and soak up the view. Please arrive 15 minutes before your tour to allow sufficient time to cloak any large bags. This should allow enough time for the mandatory visual inspections and/or cloaking of bags and personal belongings by Opera House staff before starting your tour. Where possible, please leave bags at home. If you bring a bag, those larger than A4 size will need to be cloaked before you can go on the tour. We're unable to store suitcases or large bags as we have limited cloaking facilities.",2
W15,Are there ATMs at the Sydney Opera House?,P020,ATMs. Lower Concourse A Westpac ATM is available in the Lower Concourse area of the Sydney Opera House. This is positioned just near the stairs down to the Lower Concourse from the Forecourt and near the entrance to the car park.,2
W16,Are baby changing facilities available at the Sydney Opera House?,P021,Baby changing facilities. Baby change table and nappy bins are available in the accessible public toilets in the below locations: Western Foyers Close to the Drama Theatre Close to the Playhouse Lower Concourse Main Box Office accessible toilets Concert Hall Northern Foyer (both male and female),2
W17,Where are the bathrooms at the Sydney Opera House?,P022,"Bathrooms. Bathrooms are located on the Lower Concourse and inside at the Main Box Office and Western Foyers. Accessible bathrooms are available and located on the Lower Concourse, Main Box Office and Western Foyers. A Changing Place facility is located in the corridor next to the Box Office.",2
W17,Where are the bathrooms at the Sydney Opera House?,P069,"Accessible bathrooms. Lower Concourse Two facilities, one located at the bottom of the escalators from East Circular Quay and one near Opera Kitchen. Western Foyer Level Two facilities, one near adjacent to the Playhouse entry and one between the Studio and Drama Theatre entry. Main Box Office Level Two facilities and a separate Changing Places facility, located in the corridor next to the Box Office. Download i nformation about the Changing Places hoist and instructions for use . Joan Sutherland Theatre One facility, located next to the male bathrooms on Level 3a of the Northern Foyers. Concert Hall Two facilities, one next to the male and female bathrooms on Level 3 of the Northern Foyers.",2
W18,Where is the Sydney Opera House Box Office?,P023,"Box Office. The Main Box Office is located in the Entry Foyer on Level 1, and its opening hours are: Monday to Sunday 9am - 5pm or later if a performance is scheduled (Closed Christmas Day and Good Friday) There is also a Box Office located in the Western Foyers. It is open for performances only, generally from 60 minutes prior to the first performance to 15 minutes into the last performance. Please note Box Office hours are subject to change.",2
W19,Where is the Sydney Opera House gift shop?,P024,Gift shop. The Sydney Opera House Retail Shop is located within the Welcome Centre and in the Main Box Office Foyer. The Shops are open daily from 9am to 5pm (excluding Good Friday and Christmas Day). The Main Box Office Foyer Shop has extended trading hours during selected performances.,2
W20,Is there a public lift at the Sydney Opera House?,P025,Public lift. Sydney Opera House has a public lift on the Harbour Bridge side of the building. This connects the three main levels: Lower Concourse Street Level/Western Foyer Level Main Box Office level,2
W21,Where is the Sydney Opera House Welcome Centre?,P027,"Welcome Centre. Located on the Lower Concourse, the Welcome Centre is the perfect spot to see what's on, buy tickets, take a tour, pick up a souvenir and learn the history of the iconic building through pictures and videos.The Welcome Centre is open daily from 8.45am to 5pm (excluding Good Friday, Christmas Day and New Year's Eve).",2
W21,Where is the Sydney Opera House Welcome Centre?,P182,The meeting point for the Sydney Opera House Tour is the Welcome Centre on the Lower Concourse of the Opera House.,2
W21,Where is the Sydney Opera House Welcome Centre?,P183,"Guests joining the tour should meet at the Welcome Centre, which is located on the Lower Concourse of the Sydney Opera House.",2
W21,Where is the Sydney Opera House Welcome Centre?,P184,Sydney Opera House tours meet at the Welcome Centre on the building's Lower Concourse.,2
W22,Does the Sydney Opera House offer a courtesy bus or accessible buggy service?,P028,"Courtesy bus and accessible buggy service. Sydney Opera House operates an enhanced pick-up and drop-off service for visitors, designed to make the journey to and around the Opera House a seamless and accessible experience. More information on the courtesy bus and accessible buggy service .",2
W23,Can I ride a bicycle to the Sydney Opera House?,P029,"Bicycles and other non-motorised vehicles. At the Sydney Opera House we welcome more than 10,000 visitors each day. Recently we’ve experienced increased pedestrian traffic on site and a rising popularity of bicycles, scooters and skateboards. As the safety of our patrons and visitors is our first priority all non-motorised vehicles including, but not limited to, bicycles (including commercial bicycle tours and hired bicycles), segways, skateboards and scooters must be dismounted at the Opera House site boundary, and safely walked, carried or parked while on site. Our staff will be asking riders to dismount while on the Opera House site and these requests will be made under section 4 of the Sydney Opera House Trust By-law 2021 and compliance is mandatory. Penalties for non-compliance may apply. If you have a disability or mobility needs as a rider, please contact Accessibility in advance for an escort to be arranged near the Macquarie Street Gatehouse. This change will not apply to prams, wheelchairs or other mobility aids. The Opera House continues to promote and support sustainable transport by providing facilities on site to safely park bikes while visitors and patrons enjoy their visit. Bicycle parking is located beneath the Monumental Steps.",2
W23,Can I ride a bicycle to the Sydney Opera House?,P092,"Getting to the Sydney Opera House. The Opera House is a 7-10 minute walk from Circular Quay, and is easily accessible by car, train, ferry, lightrail, bus, bike and on foot.",2
W23,Can I ride a bicycle to the Sydney Opera House?,P164,"Sydney Opera House is approximately a 7 to 10 minute walk from Circular Quay and can also be reached by car, train, ferry, light rail, bus, bicycle or on foot.",2
W23,Can I ride a bicycle to the Sydney Opera House?,P165,"From Circular Quay, it takes around 7-10 minutes to walk to the Sydney Opera House. Visitors can also travel there by car, train, ferry, light rail, bus or bike.",2
W23,Can I ride a bicycle to the Sydney Opera House?,P166,"The Opera House is within a 7-10 minute walk of Circular Quay and is accessible using several transport options including car, train, ferry, light rail, bus and bicycle.",2
W24,Can vehicles access the Sydney Opera House forecourt?,P030,"Vehicle access to the forecourt. To ensure the security, safety and enjoyment of patrons and visitors, the Opera House has removed almost all remaining vehicle movements from the Forecourt. Visitors and patrons arriving and leaving by taxis and private vehicles will be directed to the designated taxi rank on Macquarie Street, past the Wilson’s Carpark entrance. Visitors with accessibility requirements who wish to park on site will be directed to Wilson Parking as accessible parking is no longer available on the Concourse beneath the Monumental Steps. A free wheelchair accessible Courtesy Bus is available to carry passengers to and from Circular Quay and the Opera House doors for matinee and evening performances.",2
W25,How does the accessible buggy service at the Sydney Opera House work?,P028,"Courtesy bus and accessible buggy service. Sydney Opera House operates an enhanced pick-up and drop-off service for visitors, designed to make the journey to and around the Opera House a seamless and accessible experience. More information on the courtesy bus and accessible buggy service .",2
W25,How does the accessible buggy service at the Sydney Opera House work?,P038,"Accessible buggy service. Visitors and patrons with limited mobility arriving by taxi or private vehicle may be dropped at the designed area near the Macquarie Street Gatehouse. The Gatehouse is located at the entry to the Sydney Opera House site, just off the roundabout at the bottom of Macquarie Street. There is a driveway around the Gatehouse that provides a vehicle drop off for patrons and turnaround point. The distance from the Gatehouse to the building entry is 160 metres. Opera House staff are on hand to arrange transfers to the building via a wheelchair-accessible shuttle service. The dimensions of the wheelchair accessible shuttle is 84cm width x 95cm length x 142cm height. There is a 110kg weight limit. More information on mobility services at the Opera House .",2
W25,How does the accessible buggy service at the Sydney Opera House work?,P073,"Accessible buggy service. Visitors and patrons with limited mobility arriving by taxi or private vehicle may be dropped at the designated area near the Macquarie Street Gatehouse. The Gatehouse is located at the entry to the Sydney Opera House site, just off the roundabout at the bottom of Macquarie Street. There is a driveway around the Gatehouse that provides a vehicle drop off for patrons and turnaround point. The distance from the Gatehouse to the building entry is 160 metres. Opera House staff are on hand to arrange transfers to the building via a wheelchair-accessible shuttle service between the hours of 10am and 5pm. The dimensions of the wheelchair accessible shuttle is 84cm width x 95cm length x 142cm height. There is a 110kg weight limit. To arrange transfer outside of these hours, please contact accessibility@sydneyoperahouse.com or call the box office on 1300 764 849 (Monday to Sunday, 9am-5pm AEST).",2
W26,Are private car services available for visitors with mobility needs?,P039,"Call Red Private Car Services. Visitors to the Opera House with mobility needs or disabilities can call upon Call Red VIP Private Car Booking Service when they next visit. Their vehicles are meticulously designed to ensure your safety and comfort. Call Red provides an unparalleled, premium experience. To book, call 02 9929 9929 or visit their website .",2
W27,Does the Sydney Opera House provide Auracast assisted listening?,P066,"Auracast. Auracast is a new assisted listening technology that broadcasts audio with full venue coverage. It is installed in all venues. Auracast receivers can be collected from the cloakroom prior to the performance. These are provided with headphones or a personal induction loop. Auracast-enabled hearing devices can directly connect to the signal via settings, please refer to your Audiologist for advice and instructions on your particular device.",2
W28,Does the Sydney Opera House have a hearing loop?,P067,"Hearing Loop. A Hearing Loop provides a wireless signal, amplifying the sound of the performance. Hearing devices with telecoil function can directly connect to the signal via settings, please refer to your Audiologist for advice and instructions on your particular device. Venue Coverage: · Joan Sutherland Theatre: all rows except Stalls Row A · Drama Theatre: all rows except A, B, C, H, P · Playhouse: Full coverage · Utzon Room: Full coverage for amplified performances · Centre for Creativity: Full coverage for amplified performances · Concert Hall: - Stalls: All rows except A, B, C, D, E - Dress Circle: All rows except A - Boxes: All except Box B, Seats 59-68 - Choir Section: All rows except C Thank you to the Yarranabbe Foundation Please join us in thanking the Yarranabbe Foundation, an Opera House Utzon Idealist major donor, which has enabled upgrades to the induction loops in the Drama Theatre and the Joan Sutherland Theatre for the benefit of our patrons with hearing loss.",2
W29,What access options are available for visitors who have difficulty using stairs?,P068,"Stairs. For those with limited mobility, there are seating locations within the Joan Sutherland Theatre and Concert Hall that have significant amounts of stairs to seats. All other venues have less than 30 steps in total from entry to the furthest row. The below step counts are from the nearest level access point including all available public lifts. Venue Minimum number of stairs Maximum Joan Sutherland Theatre Stalls 0 34 Joan Sutherland Theatre Dress Circle 27 48 Joan Sutherland Theatre Loge 27 37 Joan Sutherland Theatre Boxes 0 51 Concert Hall Stalls 0 22 Concert Hall Dress Circle 42 Concert Hall Dress Circle Boxes 0 15 Concert Hall Platform Boxes 39 54 Concert Hall Choir & Organ Seating 43 69",2
W30,Where are the accessible bathrooms at the Sydney Opera House?,P022,"Bathrooms. Bathrooms are located on the Lower Concourse and inside at the Main Box Office and Western Foyers. Accessible bathrooms are available and located on the Lower Concourse, Main Box Office and Western Foyers. A Changing Place facility is located in the corridor next to the Box Office.",2
W30,Where are the accessible bathrooms at the Sydney Opera House?,P069,"Accessible bathrooms. Lower Concourse Two facilities, one located at the bottom of the escalators from East Circular Quay and one near Opera Kitchen. Western Foyer Level Two facilities, one near adjacent to the Playhouse entry and one between the Studio and Drama Theatre entry. Main Box Office Level Two facilities and a separate Changing Places facility, located in the corridor next to the Box Office. Download i nformation about the Changing Places hoist and instructions for use . Joan Sutherland Theatre One facility, located next to the male bathrooms on Level 3a of the Northern Foyers. Concert Hall Two facilities, one next to the male and female bathrooms on Level 3 of the Northern Foyers.",2
W31,What is the ticketing policy for wheelchair accessible seating?,P071,"Ticketing policy. Our ticketing policy allows customers requiring a wheelchair accessible position to purchase a wheelchair accessible position for themselves and a seat for their companion at the lowest concession ticket price available at the time of purchase for the selected performance. Where no concessions are available, the wheelchair seat and one companion seat will be sold at the lowest price available for that event at the time of purchase. Additional companions can purchase tickets on the standard pricing basis.",2
W32,Is there an accessible buggy service for visitors with limited mobility?,P028,"Courtesy bus and accessible buggy service. Sydney Opera House operates an enhanced pick-up and drop-off service for visitors, designed to make the journey to and around the Opera House a seamless and accessible experience. More information on the courtesy bus and accessible buggy service .",2
W32,Is there an accessible buggy service for visitors with limited mobility?,P038,"Accessible buggy service. Visitors and patrons with limited mobility arriving by taxi or private vehicle may be dropped at the designed area near the Macquarie Street Gatehouse. The Gatehouse is located at the entry to the Sydney Opera House site, just off the roundabout at the bottom of Macquarie Street. There is a driveway around the Gatehouse that provides a vehicle drop off for patrons and turnaround point. The distance from the Gatehouse to the building entry is 160 metres. Opera House staff are on hand to arrange transfers to the building via a wheelchair-accessible shuttle service. The dimensions of the wheelchair accessible shuttle is 84cm width x 95cm length x 142cm height. There is a 110kg weight limit. More information on mobility services at the Opera House .",2
W32,Is there an accessible buggy service for visitors with limited mobility?,P073,"Accessible buggy service. Visitors and patrons with limited mobility arriving by taxi or private vehicle may be dropped at the designated area near the Macquarie Street Gatehouse. The Gatehouse is located at the entry to the Sydney Opera House site, just off the roundabout at the bottom of Macquarie Street. There is a driveway around the Gatehouse that provides a vehicle drop off for patrons and turnaround point. The distance from the Gatehouse to the building entry is 160 metres. Opera House staff are on hand to arrange transfers to the building via a wheelchair-accessible shuttle service between the hours of 10am and 5pm. The dimensions of the wheelchair accessible shuttle is 84cm width x 95cm length x 142cm height. There is a 110kg weight limit. To arrange transfer outside of these hours, please contact accessibility@sydneyoperahouse.com or call the box office on 1300 764 849 (Monday to Sunday, 9am-5pm AEST).",2
W33,When does the Sydney Opera House Tour run?,P074,Dates and times. Tours run daily* We encourage you to purchase your tour in advance. *Please refer to the calendar which appears when you click the 'Book Now' button for the most up to date tour times available. Please note tours are not available on 25 December 2026 and 31 December 2026. Tours are subject to availability.,2
W34,How much does the Sydney Opera House Tour cost?,P075,"Ticket pricing. Ticket Pre-Book On The Day Adult $50 $55 Child> $30 $35 Concession* $40 $45 Family^ $130 $145 1 April 2027 onwards Ticket Pre-Book On The Day Adult $52 $57 Child> $32 $37 Concession* $42 $47 Family^ $136 $151 > Child 5 to 15 years of age. Children under 5 years are free of charge. Children aged 15 and under must be accompanied at all times. * Concessions are available to holders of an Australian Seniors Card, Australian Pensioners, full-time students aged 16+. ^ The family price includes 2 adults and 2 children (15 years and under). There is a maximum of 35 people per tour and a maximum of 15 people per booking. If you would like to make a group booking or are unable to book online, please call 02 8188 3734 to place a reservation via our Reservations team.",2
W35,Is the Sydney Opera House Tour accessible for visitors with mobility requirements?,P076,"Accessibility. On this 1-hour tour you will walk up to 2.5km and climb and descend around 300 stairs. There is no lift access and no opportunity to sit and rest during the tour. Please expect to be on your feet for the full hour. This tour is not suitable for wheelchairs and walkers. If you use a wheelchair or walker, we recommend our Mobility Access Tour that runs daily, which follows a step-free route and is designed for visitors with mobility needs. Other walking aids (such as a single stick or crutch) may be permitted at the discretion of our team, but please be aware that the tour moves at a steady pace and cannot be significantly slowed. For your safety and comfort, and to ensure a good experience for all guests, we may need to move your booking to our Mobility Access Tour instead. If we do this, there will be no extra charge; if a suitable tour is not available, we will provide a full refund. Please be aware that headsets are used on our tours. If you have sensitive hearing or any concerns about our equipment, please contact tourismbookings@sydneyoperahouse.com for more information",2
W36,How early should I arrive for the Sydney Opera House Tour?,P077,"Essential information. This tour runs for approximately 1 hour. This time is from when one of our guides meets guests at the Welcome Centre on the Lower Concourse through to the end of the tour. Please arrive at the Welcome Centre 15 minutes prior to your tour time to adhere to check in and cloaking procedures. If you are more than 5 minutes late from the start time of your tour, your tour will be forfeited and a refund will not be available. Please arrive on time for your tour so we can provide the best experience for you and other tour guests. We stage lots of live performances, so venues are subject to availability at the time of your tour.",2
W36,How early should I arrive for the Sydney Opera House Tour?,P086,"What time do I need to arrive before my tour?. It’s a great idea to arrive early, grab a drink and soak up the view. Please arrive 15 minutes before your tour to allow sufficient time to cloak any large bags. This should allow enough time for the mandatory visual inspections and/or cloaking of bags and personal belongings by Opera House staff before starting your tour. Where possible, please leave bags at home. If you bring a bag, those larger than A4 size will need to be cloaked before you can go on the tour. We're unable to store suitcases or large bags as we have limited cloaking facilities.",2
W36,How early should I arrive for the Sydney Opera House Tour?,P179,The Sydney Opera House Tour lasts approximately one hour. Guests should arrive at the Welcome Centre on the Lower Concourse 15 minutes before their scheduled tour to complete check-in and cloaking procedures.,2
W36,How early should I arrive for the Sydney Opera House Tour?,P180,Allow approximately one hour for the Sydney Opera House Tour and arrive at the Welcome Centre 15 minutes before the scheduled start time. Guests more than five minutes late may forfeit their tour without a refund.,2
W36,How early should I arrive for the Sydney Opera House Tour?,P181,"The Opera House Tour takes about one hour from meeting the guide at the Welcome Centre until the tour finishes. Visitors should check in 15 minutes early, and arriving more than five minutes after the tour begins will result in the tour being forfeited without a refund.",2
W37,What happens if I am late for the Sydney Opera House Tour?,P077,"Essential information. This tour runs for approximately 1 hour. This time is from when one of our guides meets guests at the Welcome Centre on the Lower Concourse through to the end of the tour. Please arrive at the Welcome Centre 15 minutes prior to your tour time to adhere to check in and cloaking procedures. If you are more than 5 minutes late from the start time of your tour, your tour will be forfeited and a refund will not be available. Please arrive on time for your tour so we can provide the best experience for you and other tour guests. We stage lots of live performances, so venues are subject to availability at the time of your tour.",2
W37,What happens if I am late for the Sydney Opera House Tour?,P087,"If I am late for my tour what can I do?. If you are going to be late for your tour please call our Reservations team on 02 8188 3734 for assistance. If you are more than 5 minutes late from the start time of your tour, your tour will be forfeited and a refund will not be available. Please arrive 15 minutes prior to the tour time so we can provide the best experience for you and other tour guests.",2
W37,What happens if I am late for the Sydney Opera House Tour?,P179,The Sydney Opera House Tour lasts approximately one hour. Guests should arrive at the Welcome Centre on the Lower Concourse 15 minutes before their scheduled tour to complete check-in and cloaking procedures.,2
W37,What happens if I am late for the Sydney Opera House Tour?,P180,Allow approximately one hour for the Sydney Opera House Tour and arrive at the Welcome Centre 15 minutes before the scheduled start time. Guests more than five minutes late may forfeit their tour without a refund.,2
W37,What happens if I am late for the Sydney Opera House Tour?,P181,"The Opera House Tour takes about one hour from meeting the guide at the Welcome Centre until the tour finishes. Visitors should check in 15 minutes early, and arriving more than five minutes after the tour begins will result in the tour being forfeited without a refund.",2
W38,What can I bring with me on the Sydney Opera House Tour?,P088,"What can I bring with me on the tour?. Where possible, please do not bring bags to the Sydney Opera House. Bags larger than A4 size will need to be cloaked before you can go on the tour. However we can’t store suitcases or large bags as our cloaking facilities are extremely limited. Cameras are allowed on the tour and there are plenty of photo opportunities throughout the entire tour. Your tour guide will advise you whilst on tour if photographs are not to be taken inside any venues. Please note there is no video filming on the tour. Mobile phones are permitted on the tour however please ensure they are switched off or on silent for the duration of the tour.",2
W39,Will the Sydney Opera House Tour go inside all of the theatres?,P089,"Will we go inside all the theatres on the tour?. You will have the opportunity to visit some of the Opera House’s many venues and theatres on this tour. Please note that as we are a busy performing arts centre, venues and theatres are subject to availability at the time of your tour.",2
W40,Can I make a Sydney Opera House Tour booking for 10 people or more?,P090,Can I make a booking for 10 people or more?. You can make a booking for up to 11 people though our maximum capacity per tour is 35 people. For capacity reasons the booking must be made by calling 02 8188 3734. Our Reservations team will assist with your reservation.,2
