topic_id,question_id,question,bm25_score,answered,generated_answer,bertscore_precision,bertscore_recall,bertscore_f1
W01,W01Q01,When is the Sydney Opera House car park open?,6.205900192260742,True,"The Sydney Opera House car park is open 24 hours a day, Monday to Sunday, including public holidays.",0.9915215373039246,0.990064799785614,0.9907926321029663
W01,W01Q02,What hours does the Sydney Opera House car park operate?,7.342400074005127,True,"The Sydney Opera House car park operates around the clock, so it's open 24 hours a day, every day of the week, including public holidays.",0.9550995230674744,0.9827466607093811,0.968725860118866
W01,W01Q03,Can you tell me the opening hours of the Sydney Opera House car park?,7.389800071716309,True,"The Sydney Opera House car park is open 24 hours a day, including public holidays.",0.9962611198425293,0.9625144004821777,0.9790970087051392
W01,W01Q04,What are the Sydney Opera House car park opening hours?,7.389800071716309,True,"The Sydney Opera House car park is open from Monday to Sunday, including public holidays.",0.9915481805801392,0.9672296047210693,0.979237973690033
W02,W02Q01,Where can I find the Sydney Opera House car park?,5.790599822998047,True,You can find the Sydney Opera House car park by going to 2 Macquarie Street in Sydney.,0.9543697237968445,0.9279668927192688,0.9409831166267395
W02,W02Q02,What is the location of the Sydney Opera House car park?,6.301300048828125,True,"The location of the Sydney Opera House car park is under the building with access via 2 Macquarie Street (Northern end), Sydney.",0.9778265357017517,0.9739128351211548,0.9758658409118652
W02,W02Q03,Can you tell me where the Sydney Opera House car park is?,6.335000038146973,True,"Unfortunately, I don't have any information about the Sydney Opera House car park. The passage only mentions that bags larger than A4 size are not allowed, but it doesn't provide any information about where to park. If you need to park near the Sydney Opera House, you might want to check with the Opera House website or a local tour operator for more information.",0.8569258451461792,0.8650509119033813,0.8609692454338074
W02,W02Q04,Where is the Sydney Opera House car park located?,6.301300048828125,True,The Sydney Opera House Carpark is located underneath the building with access via 2 Macquarie Street (Northern end).,0.9851794242858887,0.9704499244689941,0.9777592420578003
W03,W03Q01,How can I get to the Sydney Opera House?,5.53000020980835,True,"To get to the Sydney Opera House, you can:

* Follow the signs to find your way around the building
* Use the map on the information board to get directions
* Ask an Opera House staff member or concierge for help finding your way around",0.8394414186477661,0.8528243899345398,0.8460800051689148
W03,W03Q02,What ways can I use to reach the Sydney Opera House?,4.582499980926514,True,"You can reach the Sydney Opera House by car, train, ferry, light rail, bus, bicycle, or on foot, and it's also within a short walk from Circular Quay.",0.9570651054382324,0.9456766843795776,0.9513368606567383
W03,W03Q03,Can you tell me how to get to the Sydney Opera House?,5.53000020980835,True,You can get to the Sydney Opera House by car or public transportation.,0.9455664753913879,0.8884055614471436,0.9160952568054199
W03,W03Q04,How do I get to the Sydney Opera House?,5.53000020980835,True,"You can get to the Sydney Opera House by public transportation. To find your way around, you can use a map or download the Opera's mobile app.",0.8951365947723389,0.8713234663009644,0.8830695152282715
W04,W04Q01,How far in advance should I arrive for an event at the Sydney Opera House?,5.285600185394287,True,"Based on the passage, it seems I don't have enough information to answer your question. The passage only mentions arriving early, but doesn't specify a specific time frame.",0.8511661291122437,0.8406172394752502,0.8458588123321533
W04,W04Q02,When should I arrive before my Sydney Opera House event?,7.628300189971924,True,You should arrive 15 minutes before your tour to allow time for the visual inspections and/or cloaking of bags and personal belongings.,0.941834032535553,0.8903301954269409,0.9153581857681274
W04,W04Q03,How much earlier should I get to the Sydney Opera House before an event?,5.53000020980835,True,You don't know the answer to this question from the passage.,0.8620636463165283,0.8269694447517395,0.8441519737243652
W04,W04Q04,How early should I arrive before an event at the Sydney Opera House?,8.543100357055664,True,You should arrive at least 30 minutes before an event at the Sydney Opera House to allow for mandatory visual inspections and/or bag screening.,0.9305434226989746,0.9107754230499268,0.9205532670021057
W05,W05Q01,Will my bags be checked before I enter the Sydney Opera House?,7.0970001220703125,True,"Yes, bags and personal belongings will be checked before entering the Sydney Opera House as part of their safety precaution and condition of entry.",0.9259802103042603,0.8929339647293091,0.9091569185256958
W05,W05Q02,Does the Sydney Opera House screen bags and belongings before entry?,9.059599876403809,True,"Yes, the Sydney Opera House screens bags and belongings before entry.",0.9460583329200745,0.8816533088684082,0.9127210974693298
W05,W05Q03,Do I need to go through bag and security checks at the Sydney Opera House?,7.685999870300293,True,You don't need to go through bag and security checks at the Sydney Opera House. The tour includes cameras and photography is allowed.,0.9099130630493164,0.877341091632843,0.8933303356170654
W05,W05Q04,Are there bag checks and security screening at the Sydney Opera House?,8.668999671936035,True,"Yes, bag checks and security screening are conducted at the Sydney Opera House as a safety precaution and condition of entry.",0.930278480052948,0.8969184756278992,0.9132939577102661
W06,W06Q01,Does the Sydney Opera House provide accessible seating?,5.350599765777588,True,"Yes, the Sydney Opera House provides accessible seating, including wheelchair and companion seating locations.",0.9450850486755371,0.8516160845756531,0.8959192633628845
W06,W06Q02,Can I get wheelchair and companion seating at the Sydney Opera House?,7.697500228881836,True,"I can answer your question based on the information in the passage. Yes, you can book wheelchair and companion seating in all Sydney Opera House theatres by calling the Box Office on 1300 764 849 or emailing bookings@sydneyoperahouse.com.",0.9388130307197571,0.9658792018890381,0.9521538615226746
W06,W06Q03,Are there accessible seats for wheelchair users at the Sydney Opera House?,6.674200057983398,True,"Yes, the Sydney Opera House has accessible seats for wheelchair users.",0.912814199924469,0.8480163812637329,0.8792229890823364
W06,W06Q04,Is accessible seating available at the Sydney Opera House?,5.291500091552734,True,"Yes, accessible seating is available at the Sydney Opera House, which can be booked through the Box Office or by emailing them.",0.9358690977096558,0.8860046863555908,0.9102545380592346
W07,W07Q01,Can I borrow a wheelchair at the Sydney Opera House?,4.65749979019165,True,"Unfortunately, the passage doesn't mention the Sydney Opera House. However, it does mention the Concert Hall and Joan Sutherland Theatre, which are part of the Sydney Opera House complex.",0.8948931694030762,0.8598374128341675,0.8770151138305664
W07,W07Q02,Does the Sydney Opera House provide courtesy wheelchairs?,5.833799839019775,True,"Yes, the Sydney Opera House provides courtesy wheelchairs for patrons attending events in the Concert Hall and Joan Sutherland Theatre. Wheelchairs are available at the Western Foyers starting one hour before each performance.",0.960718035697937,0.9562520384788513,0.9584798812866211
W07,W07Q03,Can visitors use a courtesy wheelchair at the Sydney Opera House?,5.606100082397461,True,"Yes, visitors can use a courtesy wheelchair at the Sydney Opera House, but it's recommended to bring a friend or companion along to assist with manoeuvring the wheelchair around the House.",0.9115537405014038,0.8766936659812927,0.8937839269638062
W07,W07Q04,Are courtesy wheelchairs available at the Sydney Opera House?,5.826000213623047,True,"Yes, courtesy wheelchairs are available at the Sydney Opera House. They are located at the entrance of the Western Foyers, near the escalators, and are available for one-hour loan to patrons before performances in the Concert Hall and Joan Sutherland Theatre.",0.9288445711135864,0.9353411793708801,0.9320815205574036
W08,W08Q01,What is the duration of the Sydney Opera House Tour?,5.098899841308594,True,The duration of the Sydney Opera House Tour is not specified in the passage.,0.9117106199264526,0.8640003204345703,0.8872145414352417
W08,W08Q02,Approximately how much time does the Sydney Opera House Tour take?,4.8618998527526855,True,The Sydney Opera House Tour typically takes about an hour.,0.9522749185562134,0.8756535649299622,0.912358283996582
W08,W08Q03,How much time should I allow for the Sydney Opera House Tour?,6.587600231170654,True,"To determine how much time to allow for the Sydney Opera House Tour, you should arrive 15 minutes before your tour.",0.9340472221374512,0.9027665257453918,0.9181405305862427
W08,W08Q04,How long does the Sydney Opera House Tour take?,4.239099979400635,False,,,,
W09,W09Q01,Where do I meet for the Sydney Opera House Tour?,7.494500160217285,True,"To meet for the Sydney Opera House Tour, you should head to the Welcome Centre located on the Lower Concourse of the Opera House.",0.9609174728393555,0.9718577265739441,0.966356635093689
W09,W09Q02,Where should I go to meet my Sydney Opera House Tour?,7.860199928283691,True,"To meet your Sydney Opera House Tour, go to the Opera House's entrance.",0.9408152103424072,0.9139134883880615,0.9271692633628845
W09,W09Q03,What location do I need to go to for the Sydney Opera House Tour?,7.933599948883057,True,You don't need to go to a location for the Sydney Opera House Tour. The tour is located at the Sydney Opera House itself.,0.9180360436439514,0.9087405800819397,0.9133646488189697
W09,W09Q04,Where is the meeting point for the Sydney Opera House Tour?,6.418300151824951,True,"You can find the tour meeting point at the Welcome Centre, located on the Lower Concourse of the Sydney Opera House.",0.959181547164917,0.9673296809196472,0.9632383584976196
W10,W10Q01,Should I book the Sydney Opera House Tour ahead of time?,5.800899982452393,True,"To answer your question, yes, it's recommended to book the Sydney Opera House Tour ahead of time online or over the phone to get your eTicket, which you need to bring to the Welcome Centre during check-in.",0.925537109375,0.9465445876121521,0.9359229803085327
W10,W10Q02,Is advance booking recommended for the Sydney Opera House Tour?,6.154099941253662,True,"To answer your question, the passage recommends booking tours in advance by phone or online, but it doesn't specifically mention whether advance booking is recommended for the tour itself.",0.8757208585739136,0.8807159662246704,0.8782113194465637
W10,W10Q03,Should I purchase my Sydney Opera House Tour before I arrive?,9.47599983215332,True,You should not purchase your Sydney Opera House Tour before arriving at the Opera House.,0.9311392307281494,0.8688833713531494,0.8989347219467163
W10,W10Q04,Do I need to book the Sydney Opera House Tour in advance?,7.941299915313721,True,"Yes, you need to book the Sydney Opera House Tour in advance.",0.9488314390182495,0.8716671466827393,0.908613920211792
W11,W11Q01,What should I do if I lose something at the Sydney Opera House?,6.3821001052856445,True,"If you lose something at the Sydney Opera House, you can simply report it to the staff and they'll take care of it. They don't have a formal dress code or lost and found policy, so you can wear casual clothes.",0.8892335891723633,0.873666524887085,0.8813813328742981
W12,W12Q01,What are the entry requirements for venues inside the Sydney Opera House?,6.192999839782715,True,"You can enter the Opera House venues by:

- Single entry point under the Monumental Steps
- Northern Broadwalk for the Yallamundi Rooms",0.9024638533592224,0.8910948038101196,0.8967433571815491
W13,W13Q01,What items are prohibited at the Sydney Opera House?,6.248300075531006,True,I can't provide information on prohibited items at the Sydney Opera House that are not listed in the passage.,0.8455634117126465,0.7880735397338867,0.8158069252967834
W14,W14Q01,Can I cloak bags or belongings at the Sydney Opera House?,7.818299770355225,True,"You can cloak bags or belongings at the Sydney Opera House, but there are some restrictions.",0.8930730223655701,0.8229893445968628,0.8566001057624817
W15,W15Q01,Are there ATMs at the Sydney Opera House?,4.972300052642822,True,"I'm happy to help, but I don't have any additional information from the passage. I can only confirm that there are ATMs available at the Sydney Opera House, specifically located near the stairs down to the Lower Concourse, near the entrance to the car park, and in the Lower Concourse area.",0.9021867513656616,0.9237505793571472,0.9128413796424866
W16,W16Q01,Are baby changing facilities available at the Sydney Opera House?,7.7357001304626465,True,"Based on the information provided, yes, baby changing facilities are available at the Sydney Opera House.",0.8867034912109375,0.8430289030075073,0.86431485414505
W17,W17Q01,Where are the bathrooms at the Sydney Opera House?,3.448199987411499,False,,,,
W18,W18Q01,Where is the Sydney Opera House Box Office?,4.07390022277832,False,,,,
W19,W19Q01,Where is the Sydney Opera House gift shop?,7.572299957275391,True,The Sydney Opera House gift shop is located within the Welcome Centre and in the Main Box Office Foyer.,0.9646387100219727,0.8870446681976318,0.9242159128189087
W20,W20Q01,Is there a public lift at the Sydney Opera House?,5.8460001945495605,True,"I know that the Sydney Opera House has a public lift that connects the Lower Concourse, Western Foyer, and Main Box Office levels.",0.9354267716407776,0.9093536138534546,0.922205924987793
W21,W21Q01,Where is the Sydney Opera House Welcome Centre?,4.930600166320801,True,You can find the tour meeting point at the Welcome Centre located on the Lower Concourse of the Sydney Opera House.,0.9594877362251282,0.9687734842300415,0.9641082286834717
W22,W22Q01,Does the Sydney Opera House offer a courtesy bus or accessible buggy service?,12.238900184631348,True,"Yes, the Sydney Opera House offers a courtesy bus and accessible buggy service.",0.9456787705421448,0.8966732621192932,0.9205242991447449
W23,W23Q01,Can I ride a bicycle to the Sydney Opera House?,4.845600128173828,True,"Yes, you can ride a bicycle to the Sydney Opera House, but you must dismount at the site boundary and safely walk, carry, or park your bike while on site.",0.8805699944496155,0.865686297416687,0.8730646967887878
W24,W24Q01,Can vehicles access the Sydney Opera House forecourt?,7.161799907684326,True,"Unfortunately, the passage doesn't provide any information on whether vehicles can access the Sydney Opera House forecourt. It only mentions that vehicles have been removed to ensure security, safety, and enjoyment.",0.888440728187561,0.8370262384414673,0.8619674444198608
W25,W25Q01,How does the accessible buggy service at the Sydney Opera House work?,7.982800006866455,True,The accessible buggy service at the Sydney Opera House allows visitors to transport themselves to and from the Opera House.,0.945991039276123,0.9050037264823914,0.925043523311615
W26,W26Q01,Are private car services available for visitors with mobility needs?,10.081399917602539,True,"Yes, private car services are available for visitors with mobility needs.",0.9251819849014282,0.8469992876052856,0.8843660354614258
W27,W27Q01,Does the Sydney Opera House provide Auracast assisted listening?,8.593299865722656,True,I don't have any information in the passage about whether the Sydney Opera House provides Auracast assisted listening.,0.8554890155792236,0.831886887550354,0.8435229063034058
W28,W28Q01,Does the Sydney Opera House have a hearing loop?,5.884099960327148,True,"Yes, the Sydney Opera House has hearing loops in various venues, including the Joan Sutherland Theatre, Drama Theatre, Playhouse, Utzon Room, Centre for Creativity, and Concert Hall.",0.8899255990982056,0.7997924089431763,0.8424550890922546
W29,W29Q01,What access options are available for visitors who have difficulty using stairs?,5.717800140380859,True,"Unfortunately, the passage doesn't mention any specific access options for visitors who have difficulty using stairs, but it does mention the Mobility Access Tour, which is designed for visitors with mobility needs.",0.8593547940254211,0.7799181938171387,0.8177118301391602
W30,W30Q01,Where are the accessible bathrooms at the Sydney Opera House?,4.239500045776367,False,,,,
W31,W31Q01,What is the ticketing policy for wheelchair accessible seating?,9.362899780273438,True,The ticketing policy allows customers to purchase wheelchair accessible positions for themselves and a companion at the lowest concession ticket price available at the time of purchase.,0.9495087265968323,0.9017860293388367,0.9250322580337524
W32,W32Q01,Is there an accessible buggy service for visitors with limited mobility?,9.370200157165527,True,"Yes, there is an accessible buggy service available for visitors with limited mobility, including drop-off points near the Macquarie Street Gatehouse and a wheelchair-accessible shuttle service.",0.8969348669052124,0.8936316967010498,0.8952802419662476
W33,W33Q01,When does the Sydney Opera House Tour run?,3.7857000827789307,False,,,,
W34,W34Q01,How much does the Sydney Opera House Tour cost?,3.294100046157837,False,,,,
W35,W35Q01,Is the Sydney Opera House Tour accessible for visitors with mobility requirements?,5.663099765777588,True,"The Sydney Opera House is committed to providing accessibility for visitors with mobility requirements. For visitors with disabilities or mobility needs, Accessibility in advance can arrange an escort to be near the Macquarie Street Gatehouse.",0.8572948575019836,0.8200103044509888,0.8382381200790405
W36,W36Q01,How early should I arrive for the Sydney Opera House Tour?,6.872600078582764,True,You should arrive 15 minutes before your tour to allow sufficient time for any necessary checks and inspections.,0.90810227394104,0.8844035863876343,0.8960962295532227
W37,W37Q01,What happens if I am late for the Sydney Opera House Tour?,8.398699760437012,True,You can call the Tourism Reservations team on 02 8188 3734 for assistance if you're running late for the Sydney Opera House Tour.,0.9340432286262512,0.8729514479637146,0.9024646282196045
W38,W38Q01,What can I bring with me on the Sydney Opera House Tour?,9.214799880981445,True,"You can bring your camera, but it needs to be cloaked, and your bag needs to be smaller than A4 size.",0.892139732837677,0.8378097414970398,0.8641216158866882
W39,W39Q01,Will the Sydney Opera House Tour go inside all of the theatres?,7.134300231933594,True,The passage doesn't mention that the tour will go inside all the theatres on the tour.,0.9091921448707581,0.8762306571006775,0.8924071192741394
W40,W40Q01,Can I make a Sydney Opera House Tour booking for 10 people or more?,9.803600311279297,True,"You can make a booking for 10 people or more for the Sydney Opera House Tour, but you'll need to contact the Reservations team on 02 8188 3734 to inquire about availability.",0.9257361888885498,0.9116960763931274,0.9186624884605408
W41,W41Q01,Is free Wi-Fi available at the Sydney Opera House?,3.2500998973846436,False,,,,
W42,W42Q01,Can I charge my phone at the Sydney Opera House?,4.892399787902832,True,You can charge your phone at the Sydney Opera House.,,,
W43,W43Q01,Are pets allowed inside the Sydney Opera House?,3.7307000160217285,False,,,,
W44,W44Q01,Is there a pharmacy at the Sydney Opera House?,1.7682000398635864,False,,,,
W45,W45Q01,Can I bring my own food into the Sydney Opera House?,5.390999794006348,True,"You can bring your own food into the Sydney Opera House, but there are limited cloaking facilities available.",,,
W46,W46Q01,Are there lockers available for visitors at the Sydney Opera House?,3.809000015258789,False,,,,
W47,W47Q01,Is there a post office at the Sydney Opera House?,2.8647000789642334,False,,,,
W48,W48Q01,Does the Sydney Opera House provide free drinking water for visitors?,4.054200172424316,False,,,,
W49,W49Q01,Can I rent a phone charger at the Sydney Opera House?,4.539400100708008,True,"You can bring your phone on the tour, but please ensure it's switched off or on silent mode.",,,
W50,W50Q01,Are there phone charging stations at the Sydney Opera House?,3.116300106048584,False,,,,



OVERALL BERTSCORE SUMMARY

Total questions: 80
Answered: 67
Declined: 13
Average BERTScore Precision: 0.9215
Average BERTScore Recall: 0.8912
Average BERTScore F1: 0.9058